Pack Name,Release Date,Total TCG Score,Pack Score Average,Unlock Cards,Most Older Cards,Most Recent Cards
"Cell ""A"" Corruption",2022-01-19,92751,3091.7,,Orbital Bombardment,Alien Brain
Roid Nexus,2022-01-19,97408,3478.8571428571427,"Super Vehicroid - Mobile Base, Super Vehicroid - Stealth Union, Dragonroid, Limiter Removal, Super Vehicroid Jumbo Drill, Drillroid, Mixeroid, Future Fusion, Machine Duplication, Megaroid City, Vehicroid Connection Zone, Emergeroid Call",Limiter Removal,Dragonroid
Transforming Tech,2022-01-19,154511,3862.775,"Life Stream Dragon, Power Tool Dragon, Power Tool Mecha Dragon, Morphtronic Videon, Morphtronic Boarden, Morphtronic Celfon, Morphtronic Smartfon, Morphtronic Map",Morphtronic Monitron,Morphtronic Smartfon
Guardian of Kings,2022-01-19,149321,3929.5,"Gravekeeper's Oracle, Gravekeeper's Supernaturalist, Necrovalley, Gravekeeper's Visionary, Gravekeeper's Shaman, Gravekeeper's Nobleman, Gravekeeper's Recruiter, Hidden Temples of Necrovalley, Necrovalley Throne, Royal Tribute, Temple of the Kings, Imperial Tombs of Necrovalley",Rite of Spirit,Zolga the Prophet
The First Heroes,2022-01-19,159234,3980.85,"Elemental HERO Neos, Elemental HERO Sunrise, Elemental HERO Solid Soldier, Elemental HERO Stratos, A Hero Lives, Elemental HERO Absolute Zero, Elemental HERO Escuridao, Elemental HERO Great Tornado, Elemental HERO Nova Master, Elemental HERO The Shining, Elemental HERO Gaia, Elemental HERO Grandmerge, Elemental HERO Liquid Soldier, Elemental HERO Shadow Mist, E - Emergency Call",Elemental HERO Burstinatrix,Magistery Alchemist
Iron Core Synthetics,2022-01-19,164053,4101.325,"Koa'ki Meiru Maximus, Koa'ki Meiru Rooklord, Koa'ki Meiru Urnight, Diamond Core of Koa'ki Meiru, Koa'ki Meiru Bergzak, Koa'ki Meiru Drago, Koa'ki Meiru Guardian, Koa'ki Meiru Overload, Koa'ki Meiru Sandman, Koa'ki Meiru Supplier, Koa'ki Meiru Wall, Koa'ki Meiru Doom, Nega-Ton Corepanel",Iron Core of Koa'ki Meiru,Koa'ki Meiru Supplier
Curse of the Serpent,2022-01-19,164649,4116.225,"Vennominaga the Deity of Poisonous Snakes, Vennominon the King of Poisonous Snakes, Reptilianne Echidna, Snake Rain, Evil Dragon Ananta, Reptilianne Vaskii, Reptilianne Hydra, Ipiria, Reptilianne Lamia, Venom Swamp, Offering to the Snake Deity",Venom Burn,Yamorimori
Guardians of the Sacred Sky,2022-01-19,182770,4153.863636363636,"Master Hyperion, Apollousa, Bow of the Goddess, Apollousa, Bow of the Goddess, Celestial Knightlord Parshath, Ultimate Slayer, Solemn Judgment, Solemn Strike, Sacred Arch-Airknight Parshath, The Agent of Entropy - Uranus, Power Angel Valkyria, The Agent of Mystery - Earth, Cards from the Sky, Divine Punishment, Rebirth of Parshath, Solemn Warning, Titanocider",Solemn Judgment,Ultimate Slayer
Neo Space Comrades,2022-01-19,167139,4178.475,"Elemental HERO Divine Neos, Elemental HERO Honest Neos, Elemental HERO Neos, Neos Fusion, Elemental HERO Cosmo Neos, Elemental HERO Nebula Neos, Elemental HERO Brave Neos, Elemental HERO Neos Alius, Neo Space Connector, Generation Next, Miracle Contact, NEXT",Neo Space,Generation Next
Justice Before Attribute,2022-01-19,167182,4179.55,"Ally of Justice Decisive Armor, Ally of Justice Field Marshal, Ancient Flamvell Deity, Rekindling, Ally of Justice Light Gazer, Ally of Justice Catastor, Flamvell Firedog, Neo Flamvell Lady, Ally of Justice Cycle Reader, Ally of Justice Cyclone Creator, Neo Flamvell Hedgehog, Neo Flamvell Origin",Ally of Justice Catastor,Neo Flamvell Lady
Elemental Exchanges,2022-01-19,168783,4219.575,"Locomotion R-Genex, Thermal Genex, Vindikite R-Genex, Genex Ally Triforce, Genex Solar, Windmill Genex, Genex Ally Triarm, Hydro Genex, Genex Ally Birdman, Genex Undine",Genex Power Planner,Genex Ally Solid
Glory on Wings,2022-01-19,154527,4292.416666666667,"Cyber Slash Harpie Lady, Harpie Channeler, Harpie's Feather Duster, Harpie's Feather Storm, Harpie's Pet Dragon - Fearsome Fire Blast, Harpie Dancer, Harpie Harpist, Harpie Perfumer, Harpie's Pet Phantasmal Dragon, Harpie Conductor, Hysteric Sign, Hysteric Party, Icarus Attack",Elegant Egotist,Harpie's Pet Dragon - Fearsome Fire Blast
Beasts of the Inferno,2022-01-19,167459,4293.820512820513,"Volcanic Doomfire, Hazy Flame Basiltrice, Star Mine, Blaze Accelerator Reload, Lava Golem, Hazy Flame Sphynx, Vulcan the Divine, Volcanic Rocket, Firebrand Hymnist, Gren Maju Da Eiza, Volcanic Counter, Volcanic Shell",Lava Golem,Star Mine
Great Shogun's Rule,2022-01-19,171875,4296.875,"Legendary Six Samurai - Shi En, Shadow of the Six Samurai - Shien, Battle Shogun of the Six Samurai, Gateway of the Six, Grandmaster of the Six Samurai, Secret Six Samurai - Rihan, Legendary Six Samurai - Kizan, Secret Six Samurai - Fuma, Shien's Smoke Signal, Six Samurai United, Musakani Magatama",Grandmaster of the Six Samurai,Battle Shogun of the Six Samurai
Synchro Mode Change,2022-01-19,147012,4323.882352941177,"T.G. Halberd Cannon/Assault Mode, Stardust Dragon/Assault Mode, Supreme Arcanite Magician, Stardust Dragon, T.G. Halberd Cannon, Colossal Fighter/Assault Mode, Dragon Knight Draco-Equiste, Red Dragon Archfiend/Assault Mode, Ultimate Axon Kicker, Arcanite Magician/Assault Mode, Red Dragon Archfiend, Arcanite Magician","Gaia Knight, the Force of Earth",Assault Reboot
Awakening of the Ancients,2022-01-19,174327,4358.175,"Guardian Eatos, Artifact Scythe, Double-Edged Sword, Artifact Sanctum, Guardian Dreadscythe, Artifact Durendal, Artifact Lancea, Artifact Moralltach, Artifact Dagda, Artifact Ignition, Hidden Armory, Power of the Guardians, Armory Call",Megamorph,Artifact Dagda
Astral Trinity of Gods,2022-01-19,13161,4387.0,"Loki, Lord of the Aesir, Odin, Father of the Aesir, Thor, Lord of the Aesir","Thor, Lord of the Aesir","Thor, Lord of the Aesir"
Denizens of Sacred Tree Grove,2022-01-19,199884,4648.46511627907,"Naturia Landoise, Naturia Barkion, Naturia Beast, Naturia Mole Cricket, Naturia Exterio, Naturia Gaiastrio, Naturia Bamboo Shoot, Naturia Cliff, Naturia Rosewhip, Naturia Sacred Tree",Naturia Antjaw,Naturia Blessing
Transfigured Heroes,2022-01-19,125583,4651.222222222223,"Evil HERO Dark Gaia, Evil HERO Malicious Bane, Evil HERO Malicious Fiend, Masked HERO Dark Law, Super Polymerization, Masked HERO Acid, Masked HERO Blast, Elemental HERO Shadow Mist, Evil HERO Adusted Gold, Dark Calling, Dark Fusion, Evil Mind, Mask Change, Mask Change II",Evil HERO Infernal Gainer,Evil Mind
Gargantuan Gears,2022-01-19,167588,4655.222222222223,"Chaos Ancient Gear Giant, Ultimate Ancient Gear Golem, Ancient Gear Megaton Golem, Ancient Gear Reactor Dragon, Geartown, Ancient Gear Gadjiltron Dragon, Ancient Gear Golem - Ultimate Pound, Ancient Gear Hydra, Ancient Gear Gadget, Ancient Gear Wyvern, Ancient Gear Ballista, Ancient Gear Catapult, Ancient Gear Fusion",Ancient Gear Soldier,Ancient Gear Ballista
Valiant Gladiator Beasts,2022-01-19,187804,4695.1,"Gladiator Beast Domitianus, Gladiator Beast Heraklinos, Gladiator Beast Gyzarus, Test Panther, Gladiator Beast Nerokius, Gladiator Beast Vespasius, Gladiator Beast Bestiari, Gladiator Beast Equeste, Gladiator Beast Dragases, Gladiator Beast United, Gladiator Proving Ground, Gladiator Beast War Chariot",Parry,Gladiator Naumachia
Devastation Regenerated,2022-01-19,146594,4728.8387096774195,"Atomic Scrap Dragon, Scrap Dragon, Scrap Wyvern, Scrap Twin Dragon, Scrap Chimera, Scrap Raptor, Cross Breed, Scrapstorm, Scrapyard",Scrap Recycler,Scrap Raptor
Toontastic,2022-01-19,143414,4780.466666666666,"Toon Black Luster Soldier, Millennium-Eyes Restrict, Relinquished Anima, Toon Kingdom",Toon World,Golden-Eyes Idol
Invaders from Outer Space,2022-01-19,184139,4845.763157894737,"Nibiru, the Primal Being, Worm Zero, Graydle Dragon, W Nebula Meteorite, Worm King, Worm Victory, King of the Feral Imps, Worm Solid, Graydle Alligator, Graydle Eagle, Number 26: Spaceway Octobypass, Worm Linx",Worm Apocalypse,"Nibiru, the Primal Being"
Justice from Light,2022-01-19,175396,4872.111111111111,"Judgment Dragon, Punishment Dragon, Curious, the Lightsworn Dominion, Charge of the Light Brigade, Michael, the Arch-Lightsworn, Ehren, Lightsworn Monk, Lyla, Lightsworn Sorceress, Minerva, the Exalted Lightsworn, Raiden, Hand of the Lightsworn, Lumina, Lightsworn Summoner, Lumina, Twilightsworn Shaman, Solar Recharge",Realm of Light,"Judgment, the Dragon of Heaven"
Galaxy War,2022-01-19,195962,4899.05,"B.E.S. Blaster Cannon Core, Kozmo Dark Eclipser, Kozmo Farmgirl, B.E.F. Zelos, B.E.S. Big Core MK-3, Kozmo Dark Destroyer, Kozmo Sliprider, Vic Viper T301, Kozmo Tincan, Boss Rush, Kozmotown, Safe Zone",Gradius,Vic Viper T301
Prehistoric Beast Advance,2022-01-19,186621,4911.078947368421,"Jurrac Meteor, Ultimate Conductor Tyranno, Souleating Oviraptor, Fossil Dig, Overtex Qoatlus, Beatraptor, Miscellaneousaurus, Babycerasaurus, Petiteranodon, Animadorned Archosaur, Jurrac Aeolo, Double Evolution Pill",Tyranno Infinity,Animadorned Archosaur
The Hidden Arts,2022-01-19,128154,4929.0,"Number 12: Crimson Shadow Armor Ninja, Blade Armor Ninja, Ninja Grandmaster Saizo, Ninjitsu Art of Super-Transformation, Yellow Dragon Ninja, Black Dragon Ninja, White Dragon Ninja, Red Dragon Ninja, Blue Dragon Ninja, Ninja Grandmaster Hanzo, Hidden Village of Ninjitsu Arts, Ninjitsu Art of Mirage-Transformation",Ninjitsu Art of Transformation,Ninjitsu Art of Mirage-Transformation
Monster Overdrive,2022-01-19,198418,4960.45,"Armed Dragon LV10 White, Armed Dragon Thunder LV10, Horus the Black Flame Dragon LV8, Silent Swordsman LV7, Armed Dragon LV10, Armed Dragon Thunder LV7, Dark Armed Dragon, Pile Armed Dragon, Horus the Black Flame Dragon LV6, Armed Dragon, the Armored Dragon, Silent Magician, Silent Swordsman",Level Up!,"Armed Dragon, the Armored Dragon"
Yearning Evil Body,2022-01-19,198573,4964.325,"Steelswarm Caucastag, Evilswarm Exciton Knight, Evilswarm Ophion, Evilswarm Ouroboros, Steelswarm Hercules, Steelswarm Girastag, Evilswarm Bahamut, Evilswarm Kerykeion, Evilswarm Thunderbird, Steelswarm Roach, Steelswarm Origin, Infestation Pandemic",Steelswarm Roach,Steelswarm Origin
Fabled Gods,2022-01-19,159198,4974.9375,"Fabled Leviathan, Fabled Valkyrus, The Fabled Unicore, Fabled Andwraith, Fabled Soulkius, Fabled Ragin, Fabled Grimro, The Fabled Cerburrel, Obedience Schooled",Fabled Lurrie,Fabled Treason
The Cost of Dark Powers,2022-01-19,200426,5010.65,"Thought Ruler Archfiend, Zerrziel, Ruler of the Evil Eyed, Gorgon, Empress of the Evil Eyed, Masterking Archfiend, Medusa, Watcher of the Evil Eye, Serziel, Watcher of the Evil Eye, Archfiend Heiress, Evil Eye Domain - Pareidolia, Evil Eye Repose, Evil Eye of Gorgoneio, Evil Eye of Selene, Evil Eye Mesmerism",Axe of Despair,Archfiend's Staff of Despair
The Infinite Void,2022-01-19,200966,5024.15,"Infernity Doom Dragon, Void Ogre Dragon, Infernity Archfiend, Infernity Launcher, Infernity Doom Archfiend, Infernity Necromancer, Infernity Mirage, Infernity Pawn, Allure of Darkness, Into the Void, The Beginning of the End, ZERO-MAX, Infernity Barrier",Veil of Darkness,Void Cauldron
Pledge of Sword,2022-01-19,216570,5036.511627906977,"Arcana Triumph Joker, XX-Saber Gottoms, Royal Straight Slasher, M-X-Saber Invoker, Arcana Extra Joker, Gottoms' Emergency Call, Arcana Knight Joker, XX-Saber Faultroll, XX-Saber Hyunlei, X-Saber Wayne, XX-Saber Darksoul, Face Card Fusion, Joker's Straight, Joker's Wild",Queen's Knight,Royal Straight
Soaring on Darkest Wings,2022-01-19,201853,5046.325,"Assault Blackwing - Onimaru the Divine Thunder, Blackwing Full Armor Master, Assault Blackwing - Raikiri the Rain Shower, Blackwing - Nothung the Starlight, Blackwing - Zephyros the Elite, Black-Winged Dragon, Blackfeather Darkrage Dragon, Blackwing - Simoon the Poison Wind, Blackwing Armed Wing, Blackwing - Gram the Shining Star, Blackwing - Gale the Whirlwind, Blackwing - Vayu the Emblem of Honor, Black Whirlwind",Blackwing - Bora the Spear,Glowing Crossbow
Emblazoned Armor,2022-01-19,176856,5053.028571428571,"Vylon Omega, ABC-Dragon Buster, Vylon Disigma, Vylon Alpha, Vylon Epsilon, Vylon Sigma, Union Driver, A-Assault Core, B-Buster Drake, C-Crush Wyvern, Union Hangar",Roll Out!,Union Driver
Combatants of Flame,2022-01-19,162169,5067.78125,"Lavalval Exlord, Lavalval Salamander, Lavalval Dragun, Rekindling, Laval the Greater, Laval Archer, Laval Lakeside Lady, Laval Forest Sprite, Laval Volcano Handmaiden, Birth of the Prominence Flame, Molten Conduction Field",Rekindling,Birth of the Prominence Flame
Terra Firma Transcendants,2022-01-19,203300,5082.5,"Malefic Truth Dragon, Earthbound Immortal Aslla piscu, Earthbound Immortal Chacu Challhua, Malefic Paradigm Dragon, Earthbound Immortal Ccapac Apu, Earthbound Immortal Ccarayhua, Malefic Paradox Dragon, Hundred Eyes Dragon, Ascator, Dawnwalker, Supay, Duskwalker, Earthbound Geoglyph, Malefic Territory",Earthbound Immortal Ccapac Apu,Malefic Paradigm Dragon
Forgotten City Dwellers,2022-01-19,203916,5097.9,"Mermail Abyssgaios, Abyss Dweller, Neptabyss, the Atlantean Prince, Mermail Abyssalacia, Mermail Abyssleed, Mermail Abyssmegalo, Mermail Abyssteus, Poseidra, the Atlantean Dragon, Atlantean Dragoons, Atlantean Marksman, Mermail Abyssgunde, Atlantean Heavy Infantry",Atlantean Pikeman,Mermail Abyssalacia
Mastery of the Grimoire,2022-01-19,159703,5151.709677419355,"Hierophant of Prophecy, Spellbook Magician of Prophecy, Crowley, the First Propheseer, Spellbook of Secrets, High Priestess of Prophecy, Empress of Prophecy, Temperance of Prophecy, Spellbook of Fate, Spellbook of Knowledge, Spellbook of Life, Spellbook of the Master",Amores of Prophecy,"Crowley, the First Propheseer"
Glacial Seal,2022-01-19,207442,5186.05,"Trishula, Zero Dragon of the Ice Barrier, Trishula, Dragon of the Ice Barrier, Gungnir, Dragon of the Ice Barrier, Brionac, Dragon of the Ice Barrier, Dewloren, Tiger King of the Ice Barrier, General Raiho of the Ice Barrier, General Wayne of the Ice Barrier, Revealer of the Ice Barrier, Speaker for the Ice Barriers, Freezing Chains of the Ice Barrier, Medallion of the Ice Barrier, Terror of Trishula","Blizzed, Defender of the Ice Barrier",Judge of the Ice Barrier
Wind-Up Soldiers,2022-01-19,208781,5219.525,"Deskbot Jet, Wind-Up Carrier Zenmaity, Wind-Up Zenmaintenance, Deskbot Base, Deskbot 009, Wind-Up Arsenal Zenmaioh, Wind-Up Magician, Wind-Up Shark, Wind-Up Zenmaister, Wind-Up Zenmaines, Deskbot 002, Wind-Up Factory",Legendary Wind-Up Key,Junk Sleep
Pearlescent Cyber Dragons,2022-01-19,209971,5249.275,"Chimeratech Megafleet Dragon, Cyber End Dragon, Cyber Dragon Infinity, Cyber Dragon Sieger, Cyber Eternity Dragon, Cyberdarkness Dragon, Chimeratech Overdragon, Cyber Twin Dragon, Chimeratech Rampage Dragon, Cyberdark Cannon, Cyberdark Claw, Cyber Dragon Core, Cyber Emergency",Power Bond,Cyber Dragon Nachster
Rites of the Mirrorworld,2022-01-19,211617,5290.425,"Nekroz of Sophia, Gishki Zielgigas, Nekroz of Areadbhair, Nekroz of Trishula, Evigishki Gustkraken, Nekroz of Brionac, Gishki Shadow, Nekroz of Unicore, Shurit, Strategist of the Nekroz, Gishki Vision, Nekroz Cycle, Nekroz Kaleidoscope",Aquamirror Meditation,Nekroz of Areadbhair
Roaring Thunder,2022-01-19,208275,5340.384615384615,"Thunder Dragon Titan, Thunder Dragon Colossus, Watthydra, Wattchimera, Thunder Dragonhawk, Thunder Dragonroar, Thunder Dragondark, Wattgiraffe, Thunder Dragonmatrix, Some Summer Summoner, Thunder Dragon Fusion, Wattrain",Twin-Headed Thunder Dragon,Gigathunder Giclops
Hand of Fate,2022-01-19,214019,5350.475,"Arcana Force EX - The Light Ruler, Flower Cardian Lightflare, Arcana Force XXI - The World, Flower Cardian Lightshower, Arcana Force EX - The Dark Ruler, Flower Cardian Boardefly, Flower Cardian Moonflowerviewing, Arcana Reading, Light Barrier, Super Koi Koi",Tour of Doom,Arcana Reading
Scientific Analysis,2022-01-19,210426,5395.538461538462,"Imperion Magnum the Superconductive Battlebot, Water Dragon Cluster, Vola-Chemicritter Methydraco, Mathematician, Berserkion the Electromagna Warrior, Litmus Doom Swordsman, Duoterion, Delta The Magnet Warrior, Catalyst Field, Dimer Synthesis, Magnet Induction, Supervise",Hyozanryu,Dimer Synthesis
Spiritual Mastery,2022-01-19,216096,5402.4,"Wynn the Wind Channeler, Awakening of the Possessed, Grand Spiritual Art - Ichirin, Spirit Charmers, Elemental Grace Doriado, Eda the Sun Magician, Aussa the Earth Charmer, Immovable, Eria the Water Charmer, Gentle, Hiita the Fire Charmer, Ablaze, Lyna the Light Charmer, Lustrous, Wynn the Wind Charmer, Verdant, Possessed Partnerships",Wynn the Wind Charmer,"Lyna the Light Charmer, Lustrous"
Crystal Septenary,2022-01-19,308228,5407.508771929824,"Ultimate Crystal Rainbow Dragon Overdrive, Rainbow Overdragon, Rainbow Dark Dragon, Rainbow Dragon, Crystal Beast Rainbow Dragon, Golden Rule, Crystal Bond, Rainbow Neos, Advanced Crystal Beast Cobalt Eagle, Advanced Crystal Beast Sapphire Pegasus, Rainbow Bridge of the Heart, Advanced Dark, Ancient City - Rainbow Ruins, Crystal Abundance, Rainbow Bridge, Rare Value, Crystal Miracle, Rainbow Bridge of Salvation, Rainbow Life, Ultimate Crystal Magic",Triggered Summon,Golden Rule
The Cerise in the Ebony,2022-01-19,216387,5409.675,"Red-Eyes Darkness Metal Dragon, Meteor Black Comet Dragon, Red-Eyes Black Dragon, Red-Eyes Slash Dragon, Archfiend Black Skull Dragon, Red-Eyes Black Flare Dragon, Red-Eyes Flare Metal Dragon, Hundred Dragon, Darkness Metal, the Dragon of Dark Steel, Inferno Fire Blast, Red-Eyes Fusion, Red-Eyes Insight",Red-Eyes Black Dragon,Hundred Dragon
Prank Panic!,2022-01-19,216702,5417.55,"Prank-Kids Battle Butler, Ojama King, Prank-Kids Rip-Roarin-Roaster, Diamond Duston, Ojama Knight, Prank-Kids Rocket Ride, Ojama Emperor, Prank-Kids Meow-Meow-Mu, Ojama Country, Ojamagic, Prank-Kids Place, Ojama Trio",Ojama Green,Ojama Pink
Scrap Iron Soldiers,2022-01-19,216889,5422.225,"Satellite Warrior, Junk Destroyer, Junk Archer, Junk Speeder, Junk Collector, Armory Arm, Junk Anchor, Junk Converter, Satellite Synchron, Tuningware, Junk Connector, Scrap-Iron Scarecrow",Sonic Chick,Synchro Transmission
Rulers of Darkness,2022-01-19,295129,5465.351851851852,"Grapha, Dragon Overlord of Dark World, Reign-Beaux, Overking of Dark World, Darkest Diabolos, Lord of the Lair, Grapha, Dragon Lord of Dark World, Lilith, Lady of Lament, The Gates of Dark World, Clorless, Chaos King of Dark World, Genta, Gateman of Dark World, Ahrima, the Wicked Warden, Snoww, Unlight of Dark World, Alice, Lady of Lament, Loris, Lady of Lament, Dark Corridor, Dark World Archives, Dark World Dealings, Lair of Darkness, Dark World Punishment, Deck Devastation Virus, Eradicator Epidemic Virus, Full Force Virus, Grinning Grave Virus",Deck Devastation Virus,"Clorless, Chaos King of Dark World"
Warriors Unite!,2022-01-19,218990,5474.75,"War Rock Bashileos, War Rock Meteoragon, Amazoness Swords Woman, Amazoness Princess, Amazoness Empress, Amazoness Pet Liger, War Rock Fortia, War Rock Wento, Amazoness Call, Amazoness Village, War Rock Dignity, War Rock Mountain",Dramatic Rescue,War Rock Big Blow
World Cloaked in Magical Power,2022-01-19,220346,5508.65,"Armityle the Chaos Phantasm - Phantom of Fury, Raviel, Lord of Phantasms - Shimmering Scraper, Elder Entity N'tss, Phantom of Chaos, Hamon, Lord of Striking Thunder, Raviel, Lord of Phantasms, Uria, Lord of Searing Flames, Dark Beckoning Beast, Chaos Summoning Beast, Cerulean Skyfire, Fallen Paradise, Hyper Blaze",Phantasmal Martyrs,Divine Evolution
Electrilyrical,2022-01-19,182436,5528.363636363636,"Batteryman Solar, Appliancer Celtopus, Appliancer Electrilyrical World, Batteryman Industrial Strength, Super-Electromagnetic Voltech Dragon, Batteryman 9-Volt, Appliancer Socketroll, Appliancer Test, Universal Adapter",Battery Charger,Appliancer Conversion
The Great Olds,2022-01-19,244067,5546.977272727273,"Obelisk the Tormentor, Slifer the Sky Dragon, The Winged Dragon of Ra, The Winged Dragon of Ra - Immortal Phoenix, The Winged Dragon of Ra - Sphere Mode, The Breaking Ruin God, The True Sun God, The Revived Sky God, Egyptian God Slime, Exodia the Forbidden One, Ancient Chant, Left Arm Offering, Millennium Revelation, Mound of the Bound Creator, Soul Crossing, Tribute Burial, Soul Energy MAX!!!, Dark Spell Regeneration",Right Leg of the Forbidden One,The Revived Sky God
Altered Heraldry,2022-01-19,133403,5558.458333333333,"Number 69: Heraldry Crest, Number 8: Heraldic King Genom-Heritage, Advanced Heraldry Art, Rank-Up-Magic Argent Chaos Force, CXyz Skypalace Babylon, Skypalace Gangaridai, Norito the Moral Leader, Number C69: Heraldry Crest of Horror, Heraldic Beast Amphisbaena, Number 18: Heraldry Patriarch, Charged-Up Heraldry, Marshalling Field",Advanced Heraldry Art,Resurgam Xyz
Shifting Gears,2022-01-19,223184,5579.6,"Ancient Gear Reactor Dragon, Gear Gigant X, Geargiagear Gigant XG, Platinum Gadget, Ancient Gear Gadjiltron Dragon, Ancient Gear Hydra, Ancient Gear Gadget, Symphonic Warrior Guitaar, Torque Tune Gear, Geargia Change, Geargiagear, Powerhold the Moving Battery",Stronghold the Moving Fortress,Boot-Up Corporal - Command Dynamo
Ties to Mother Nature,2022-01-19,223788,5594.7,"Ritual Beast Ulti-Gaiapelio, Daigusto Eguls, Ritual Beast Ulti-Cannahawk, Daigusto Emeral, Daigusto Laplampilica, Daigusto Sphreez, Ritual Beast Ulti-Apelio, Daigusto Gulldos, Spiritual Beast Cannahawk, Daigusto Phoenix, Ritual Beast Ulti-Kimunfalcos, Ritual Beast Steeds, Ultimate Providence",Quill Pen of Gulldos,Tailwind of Gusto
Destiny's Sorceress,2022-01-19,224055,5601.375,"Earthbound Immortal Aslla piscu, Prediction Princess Tarotrei, Fortune Lady Every, Fortune Lady Calling, Fortune Lady Water, Prediction Princess Coinorma, Fortune Fairy Hikari, Fortune Lady Light, Fortune Vision, Future Visions, Miracle Stone, The Transmigration Prophecy",The Transmigration Prophecy,Fortune Lady Rewind
Stardust Ties,2022-01-19,220415,5651.666666666667,"Cosmic Blazar Dragon, Shooting Quasar Dragon, Stardust Dragon, Tuning, Shooting Star Dragon, Stardust Warrior, Stardust Spark Dragon, Shooting Riser Dragon, Formula Synchron, Jet Synchron, Duel Link Dragon, the Duel Dragon, Starlight Road",Stardust Dragon,Synchro Chase
Onomatopair-Up,2022-01-19,226340,5658.5,"Gagaga Cowboy, Gagagaga Magician, Utopic Onomatopoeia, Onomatopaira, Gagaga Magician, Gogogo Giant, Number 55: Gogogo Goliath, Zubaba General, Gagaga Sister, Gagaga Academy Emergency Network, Onomatopia, Onomatopickup",Gogogo Golem,Zubababancho Gagagacoat
Knowledge of the Mythlords,2022-01-19,227367,5684.175,"Mythical Beast Master Cerberus, Endymion, the Mighty Master of Magic, Mythical Beast Jackal King, Selene, Queen of the Master Magicians, Reflection of Endymion, Endymion, the Master Magician, Servant of Endymion, Day-Breaker the Shining Magical Warrior, Artemis, the Magistus Moon Maiden, Endymion's Lab, Magical Citadel of Endymion, Spell Power Mastery",Apprentice Magician,"Endymion, the Magistus of Mastery"
Bujin's Vault of Heaven,2022-01-19,205058,5696.055555555556,"Bujinki Amaterasu, Bujintei Kagutsuchi, Bujintei Susanowo, Bujintei Tsukuyomi, Bujin Arasuda, Bujin Mahitotsu, Bujin Mikazuchi, Bujin Torifune, Bujin Yamato, Bujingi Crane, Bujingi Quilin, Bujinki Ahashima",Bujinfidel,Bujincandescence
Blazing Warriors,2022-01-19,257469,5721.533333333334,"Number C105: Battlin' Boxer Comet Cestus, Heroic Champion - Claivesolish, Heroic Champion - Excalibur, Heroic Call, Heroic Envoy, Rank-Up-Magic - The Seventh One, Heroic Challenger - Morning Star, Battlin' Boxer Lead Yoke, Heroic Challenger - Assault Halberd, Heroic Challenger - Thousand Blades, Heroic Champion - Gandiva, Heroic Champion - Kusanagi, Number 105: Battlin' Boxer Star Cestus, Number 79: Battlin' Boxer Nova Kaiser, Stoic Challenge",Heroic Champion - Excalibur,Heroic Call
Mischievous Specters,2022-01-19,184882,5777.5625,"Ghostrick Angel of Mischief, Ghostrick Alucard, Ghostrick Dullahan, Ghostrick Fairy, Ghostrick Lantern, Ghostrick Mary, Scapeghost, Ghostrick Mansion, Ghostrick Break, Ghostrick Renovation",Ghostrick Ghoul,Jack-In-The-Hand
Shrouded Heroes,2022-01-19,208070,5779.722222222223,"Destiny End Dragoon, Destiny HERO - Dogma, Destiny HERO - Dystopia, Vision HERO Adoration, Destiny HERO - Dangerous, Destiny HERO - Malicious, Xtra HERO Cross Crusader, D - Force, Destiny Draw, Break the Destiny",Clock Tower Prison,Doctor D
Warriors of Legend,2022-01-19,232185,5804.625,"Buster Blader, the Dragon Destroyer Swordsman, Gaia the Magical Knight of Dragons, Sky Galloping Gaia the Dragon Champion, Dragon Buster Destruction Sword, Protector Whelp of the Destruction Swordsman, Buster Dragon, Soldier Gaia the Fierce Knight, Buster Blader, the Destruction Swordmaster, Charging Gaia the Fierce Knight, Gaia the Magical Knight, Lord Gaia the Fierce Knight, Curse of Dragon, the Magical Knight Dragon, Gateway to Chaos",Curse of Dragon,"Curse of Dragon, the Magical Knight Dragon"
Champions of Salvation,2022-01-19,261813,5818.066666666667,"Constellar Ptolemy M7, Constellar Pleiades, Stellarknight Constellar Diamond, Tellarknight Constellar Caduceus, Stellarknight Triverr, Tellarknight Ptolemaeus, Constellar Tellarknights, Tellarknight Lyran, Constellar Caduceus, Constellar Omega, Constellar Sombre, Darktellarknight Batlamyus, Satellarknight Deneb, Stellarknight Delteros, Satellarknight Skybridge, Stellarnova Alpha",Constellar Belt,Tellarknight Altairan
Shark's Pride,2022-01-19,232770,5819.25,"Valiant Shark Lancer, Bahamut Shark, Rank-Up-Magic - The Seventh One, Rank-Up-Magic Quick Chaos, Number C73: Abyss Supra Splash, Number 73: Abyss Splash, Full Armored Black Ray Lancer, Number 32: Shark Drake, Number 37: Hope Woven Dragon Spider Shark, Number C32: Shark Drake Veiss, Number 17: Leviathan Dragon, Number 47: Nightmare Shark, Number 71: Rebarian Shark",Torrential Tribute,Hidden Fangs of Revenge
Exquisite Jet-Black Rose,2022-01-19,233066,5826.65,"Ruddy Rose Dragon, Black Rose Dragon, Black Rose Moonlight Dragon, Crossrose Dragon, Queen Angel of Roses, Garden Rose Flora, Garden Rose Maiden, Rose Lover, Basal Rose Shoot, Black Garden, Frozen Rose, Rose Bell of Revelation",Copy Plant,White Rose Cloister
Dragon Knight Gorge,2022-01-19,233260,5831.5,"Dragunity Arma Gram, Dragunity Knight - Areadbhair, Dragunity Knight - Ascalon, Dragon Ravine, Dragunity Knight - Gormfaobhar, Dragunity Knight - Gae Dearg, Dragunity Knight - Vajrayana, Dragunity Legatus, Dragunity Remus, Dragunity Divine Lance, Dragunity Whirlwind, Ice Dragon's Prison",Synchro Ejection,Dragunity Guisarme
Guardians of Fire,2022-01-19,221999,5842.078947368421,"Brotherhood of the Fire Fist - Cardinal, Brotherhood of the Fire Fist - Tiger King, Brotherhood of the Fire Fist - Rooster, Brotherhood of the Fire Fist - Eagle, Brotherhood of the Fire Fist - Swan, Brotherhood of the Fire Fist - Eland, Brotherhood of the Fire Fist - Horse Prince, Brotherhood of the Fire Fist - Bear, Brotherhood of the Fire Fist - Spirit, Brotherhood of the Fire Fist - Peacock, Fire Formation - Tenki, Fire Formation - Yoko",Ultimate Fire Formation - Seito,Fire Formation - Ingen
Timeworn Legacies,2022-01-19,164111,5861.107142857143,"Number 6: Chronomaly Atlandis, Chronomaly Vimana, Number 33: Chronomaly Machu Mech, Rank-Up-Magic Argent Chaos Force",Grave of the Super Ancient Organism,Chronomaly Esperanza Glyph
Traditions of Trickery,2022-01-19,217135,5868.513513513513,"Gizmek Okami, the Dreaded Deluge Dragon, Gizmek Kaku, the Supreme Shining Sky Stag, Karakuri Super Shogun mdl 00N ""Bureibu"", Gizmek Orochi, the Serpentron Sky Slasher, Karakuri Steel Shogun mdl 00X ""Bureido"", Gizmek Uka, the Festive Fox of Fecundity, Karakuri Shogun mdl 00 ""Burei"", Karakuri Bonze mdl 9763 ""Kunamzan"", Karakuri Komachi mdl 224 ""Ninishi"", Karakuri Merchant mdl 177 ""Inashichi"", Karakuri Cash Cache, Sacred Scrolls of the Gizmek Legend",Karakuri Klock,"Gizmek Inaba, the Hopping Hare of Hakuto"
Life Force Control System,2022-01-19,218807,5913.7027027027025,"Infernoid Tierra, Apoqliphort Towers, Infernoid Onuncu, Apoqliphort Skybase, Infernoid Devyaty, Qliphort Disk, Qliphort Scout, Qliphort Genius, Into the Void, Void Apocalypse, Void Imagination, Void Vanishment",Into the Void,Void Apocalypse
Life Finds a Way,2022-01-19,237765,5944.125,"Myutant Ultimus, Myutant Synthesis, Evolzar Dolkka, Evolzar Laggia, Myutant Arsenal, Myutant Beast, Evolzar Solda, Evolsaur Cerato, Myutant M-05, Evo-Diversity, Evo-Force, Evo-Singularity",Evo-Miracle,Myutant Clash
Nebula Cyclone,2022-01-19,238274,5956.85,"Galaxy-Eyes Full Armor Photon Dragon, Number 38: Hope Harbinger Dragon Titanic Galaxy, Number 62: Galaxy-Eyes Prime Photon Dragon, Number 90: Galaxy-Eyes Photon Lord, Galaxy-Eyes Solflare Dragon, Galaxy-Eyes Afterglow Dragon, Galaxy-Eyes Photon Dragon, Neo Galaxy-Eyes Photon Dragon, Galaxy Soldier, Galaxy Wizard, Photon Orbital, Starliege Photon Blast Dragon, Photon Sanctuary",Galaxy-Eyes Photon Dragon,Hyper Galaxy
Supernatural Elements,2022-01-19,238438,5960.95,"Ehther the Heavenly Monarch, Erebus the Underworld Monarch, Domain of the True Monarchs, Palace of the Elemental Lords, Caius the Mega Monarch, Grandsoil the Elemental Lord, Moulinglacia the Elemental Lord, Zaborg the Mega Monarch, Elementsaber Lapauila Mana, Pantheism of the Monarchs, Tenacity of the Monarchs, The Monarchs Stormforth",Kuraz the Light Monarch,Elementsaber Aina
Sword of the Seventh One,2022-01-19,286758,5974.125,"Number C107: Neo Galaxy-Eyes Tachyon Dragon, Number 107: Galaxy-Eyes Tachyon Dragon, Number C101: Silent Honor DARK, Number 101: Silent Honor ARK, Barian Untopia, Barian's Chaos Draw, Seventh Ascension, Rank-Up-Magic - The Seventh One, CXyz Barian Hope, Number C103: Ragnafinity, Number C106: Giant Red Hand, Number 103: Ragnazero, Number 106: Giant Hand, Thunder Hand, Contract with Don Thousand, Rank-Up-Magic Admiration of the Thousands, Rank-Up-Magic Barian's Force","Radius, the Half-Moon Dragon",Rebirth of the Seventh Emperors
Darkest Magics,2022-01-19,252225,6005.357142857143,"Dark Magician the Knight of Dragon Magic, The Dark Magicians, Dark Magician, Palladium Oracle Mahad, Magicians' Souls, Soul Servant, Dark Cavalry, Dark Magician the Dragon Knight, Apprentice Illusion Magician, Dark Magician Girl, Dark Magical Circle, Magician's Salvation, Piercing the Darkness, The Eye of Timaeus, Destined Rivals",Dark Magician,Chronicle Sorceress
Deceitful Wings of Darkness,2022-01-19,205164,6034.235294117647,"The First Darklord, Darklord Superbia, Dark Honest, Forbidden Droplet, Darklord Morningstar, Darklord Ixchel, Darklord Nasten, Darklord Amdusc, Condemned Darklord, Banishment of the Darklords, Forbidden Lance, Darklord Rebellion",Darklord Marie,Dark Honest
Impending Assassination,2022-01-19,241943,6048.575,"Meklord Astro Mekanikle, Meklord Astro Dragon Triskelion, Sandaion, the Timelord, Sephylon, the Ultimate Timelord, Timelord Progenitor Vorpgate, Meklord Emperor Granel, Meklord Emperor Skiel, Meklord Emperor Wisel, Meklord Emperor Wisel - Synchro Absorption, Meklord Nucleus Infinity Core, Time Maiden, Meklord Fortress",Mektimed Blast,Meklord Astro the Eradicator
Magnificence of Angels,2022-01-19,230885,6075.921052631579,"Valkyrie Sigrun, Archlord Kristya, Honest, Ride of the Valkyries, Splendid Venus, Valkyrie Erda, Athena, Hecatrice, Valkyrie Dritte, Valkyrie Sechste, Mischief of the Time Goddess, Valhalla, Hall of the Fallen, Angel Statue - Azurune",Gellenduo,Angel O1
Rapid Aircraft Advancement,2022-01-19,249428,6083.609756097561,"Machina Ruinforce, Machina Citadel, Machina Fortress, Mecha Phantom Beast Dracossack, Mecha Phantom Beast Auroradon, Machina Metalcruncher, Phantom Fortress Enterblathnir, Machina Air Raider, Machina Unclaspare, Mecha Phantom Beast O-Lion, Machina Redeployment, Unauthorized Reactivation, Aerial Recharge",Machina Peacekeeper,Machina Ruinforce
Futuristic Creatures,2022-01-19,237839,6098.4358974358975,"T.G. Glaive Blaster, T.G. Halberd Cannon/Assault Mode, Shooting Star Dragon T.G. EX, T.G. Hyper Librarian, T.G. Rocket Salamander, T.G. Halberd Cannon, T.G. Blade Blaster, T.G. Over Dragonar, T.G. Wonder Magician, T.G. Warwolf, T.G. Mighty Striker, T.G. Striker, T.G. Trident Launcher, T.G. Limiter Removal, T.G. Close",Tuner Capture,T.G. All Clear
Abyssal Underworld,2022-01-19,245138,6128.45,"Doomking Balerdroch, Uni-Zombie, Avendread Savior, Zombie World, Revendread Executor, Vendread Battlelord, Vendread Chimera, Necroworld Banshee, Glow-Up Bloom, King of the Skull Servants, Wightbaking, Zombie Necronize",Skull Servant,Wightbaking
Immovable Samurai,2022-01-19,247345,6183.625,"Superheavy Samurai Steam Train King, Superheavy Samurai Warlord Susanowo, Superheavy Samurai Beast Kyubi, Superheavy Samurai Swordmaster Musashi, Superheavy Samurai Big Benkei, Superheavy Samurai Stealth Ninja, Superheavy Samurai Ogre Shutendoji, Superheavy Samurai Wagon, Superheavy Samurai Battleball, Superheavy Samurai Scarecrow, Superheavy Samurai Ninja Sarutobi, Superheavy Samurai Scales",Superheavy Samurai Swordsman,Superheavy Samurai Scarecrow
Advanced Warriors,2022-01-19,247828,6195.7,"Dinoster Power, the Mighty Dracoslayer, Ignister Prominence, the Blasting Dracoslayer, Master Peace, the True Dracoslayer, Majester Paladin, the Ascending Dracoslayer, Amorphage Goliath, Amorphactor Pain, the Imagination Dracoverlord, Igknight Champion, Dinomist Rex, Luster Pendulum, the Dracoslayer, Draco Face-Off, Igknights Unite, Dinomists Howling",Igknight Crusader,Dinomists Howling
Insect Metamorphosis,2022-01-19,254047,6196.268292682927,"Inzektor Exa-Beetle, Digital Bug Registrider, Inzektor Dragonfly, Cocoon of Ultra Evolution, Battlewasp - Ballista the Armageddon, Battlewasp - Hama the Conquering Bow, Metamorphosed Insect Queen, Inzektor Giga-Mantis, Inzektor Hornet, Seraphim Papillion, Inzektor Picofalena, Zektrike Kou-ou, Inzektor Sword - Zektkaliber",Variable Form,Zektrike Kou-ou
Pyroxene Relinquished,2022-01-19,242785,6225.25641025641,"Gem-Knight Lady Brilliant Diamond, Gem-Knight Master Diamond, Adamancipator Risen - Dragite, Brilliant Fusion, Gem-Knight Citrine, Gem-Knight Prismaura, Adamancipator Risen - Leonite, Adamancipator Risen - Raptite, Gem-Knight Seraphinite, Adamancipator Researcher, Gem-Knight Phantom Quartz, Adamancipator Signs",Gem-Enhancement,Adamancipator Friends
Forest Friends,2022-01-19,180758,6233.0344827586205,"Rescue Cat, Rescue Rabbit, Joyous Melffys, Melffy of the Forest, Green Baboon, Defender of the Forest, Aloof Lupine, Diamond Dire Wolf, Kittytail, Mystical Beast of the Forest, Melffy Wally, Kalantosa, Mystical Beast of the Forest, Melffy Mommy, Valerifawn, Mystical Beast of the Forest, Melffy Staring Contest, Ayers Rock Sunrise, Closed Forest",Rescue Cat,"Kittytail, Mystical Beast of the Forest"
Mother Nature's Snare,2022-01-19,280749,6238.866666666667,"Traptrix Pinguicula, Traptrix Allomerus, Traptrix Rafflesia, Traptrix Atypus, Traptrix Cularia, Traptrix Sera, Traptantalizing Tune, Trap Tracks, Traptrix Pudica, Traptrix Genlisea, Traptrix Myrmeleo, Traptrix Vesiculo, Traptrip Garden, Boogie Trap, Banishing Trap Hole, Terrifying Trap Hole Nightmare, Traptrix Holeutea, Chain Hole, Gravedigger's Trap Hole, Trap Trick",Trap Hole,Banishing Trap Hole
Inevitability of Chaos,2022-01-19,319397,6262.686274509804,"Chaos Angel, Black Luster Soldier - Legendary Swordsman, Black Luster Soldier - Envoy of the Beginning, Black Luster Soldier - Sacred Soldier, Chaos Witch, Black Luster Soldier - Soldier of Chaos, Chaos Emperor, the Dragon of Armageddon, Chaos Archfiend, Chaos Nephthys, Black Luster Soldier - Super Soldier, The Chaos Creator, Charging Gaia the Fierce Knight, Chaos Mirage Dragon, Chaos Valkyria, Chaos Space, Gateway to Chaos, Chaos Phantasm, Super Soldier Shield",Black Luster Ritual,Chaos Angel
Enchanted Threads of Shade,2022-01-19,264236,6291.333333333333,"Zefraath, El Shaddoll Construct, El Shaddoll Construct, El Shaddoll Apkallone, El Shaddoll Winda, El Shaddoll Winda, Zefra Metaltron, El Shaddoll Shekhinaga, El Shaddoll Grysta, Reeshaddoll Wendi, El Shaddoll Fusion, Oracle of Zefra, Shaddoll Fusion, Zefra Providence, Shaddoll Schism, Zefra Divine Strike",Shaddoll Core,Nehshaddoll Genius
Roused from Destruction,2022-01-19,251863,6296.575,"Fire King High Avatar Garunix, Unchained Abomination, Nephthys, the Sacred Flame, Onslaught of the Fire Kings, Abominable Unchained Soul, Cerulean Sacred Phoenix of Nephthys, Unchained Soul of Disaster, Fire King Avatar Yaksha, Conductor of Nephthys, Unchained Soul of Anguish, Unchained Soul of Rage, Circle of the Fire Kings",A Feather of the Phoenix,Conductor of Nephthys
Fiendish Encounter,2022-01-19,227689,6324.694444444444,"Beatrice, Lady of the Eternal, Dante, Traveler of the Burning Abyss, Cherubini, Ebon Angel of the Burning Abyss, Magical Musketeer Max, Dante, Pilgrim of the Burning Abyss, Magical Musket Mastermind Zakiel, Magical Musketeer Starfire, Farfa, Malebranche of the Burning Abyss, Graff, Malebranche of the Burning Abyss, Magical Musketeer Caspar, Scarm, Malebranche of the Burning Abyss, Magical Musket - Cross-Domination",The Traveler and the Burning Abyss,Magical Musketeer Max
Savage Crimson Dragon,2022-01-19,328939,6325.75,"Hot Red Dragon Archfiend King Calamity, Red Nova Dragon, Red Supernova Dragon, Tyrant Red Dragon Archfiend, Hot Red Dragon Archfiend Abyss, Scarred Dragon Archfiend, Vision Resonator, Crimson Gaia, Hot Red Dragon Archfiend Bane, Hot Red Dragon Archfiend, Red Dragon Archfiend, Scarlight Red Dragon Archfiend, Red Rising Dragon, Shining Star Dragon, Bone Archfiend, Red Sprinter, Soul Resonator, Resonator Call, Red Zone, Red Reign",Dark Resonator,"Red Lotus King, Flame Crime"
Rulers of the Deep,2022-01-19,253672,6341.8,"White Aura Bihamut, Deep Sea Prima Donna, Superancient Deepsea King Coelacanth, The Legendary Fisherman III, White Aura Whale, Citadel Whale, Deep Sea Repetiteur, Deep Sea Diva, Beautunaful Princess, Deep Sea Aria, Fury of Kairyu-Shin, White Howling",Torrential Tribute,Deep Sea Repetiteur
Fiendish Playthings,2022-01-19,171444,6349.777777777777,,Toy Vendor,Frightfur Jar
The Azure in the Ivory,2022-01-19,312201,6371.448979591837,"Blue-Eyes Spirit Dragon, Blue-Eyes Jet Dragon, Blue-Eyes Abyss Dragon, Blue-Eyes Alternative White Dragon, Blue-Eyes Chaos MAX Dragon, Bingo Machine, Go!!!, Neo Blue-Eyes Ultimate Dragon, Blue-Eyes Twin Burst Dragon, Deep-Eyes White Dragon, Azure-Eyes Silver Dragon, Blue-Eyes Tyrant Dragon, Dragon Spirit of White, Kaiser Glider - Golden Burst, Dictator of D., Sage with Eyes of Blue, The White Stone of Ancients, Greater Polymerization, Destined Rivals, True Light",White Dragon Ritual,Chronicle Sorceress
Piercing Winds,2022-01-19,267630,6372.142857142857,"Mayosenju Daibak, Mist Valley Apex Avian, Simorgh, Bird of Sovereignty, Simorgh Onslaught, Mayosenju Hitot, Simorgh of Darkness, Simorgh, Lord of the Storm, Dark Simorgh, Simorgh, Bird of Bringing, Divine Wind of Mist Valley, Yosenju Oroshi Channeling, Yosenjus' Secret Move","Simorgh, Bird of Divinity",Laughing Puffin
Gods of Abyss and Arcadia,2022-01-19,211279,6402.393939393939,"Ogdoabyss, the Ogdoadic Overlord, Hieratic Seal of the Heavenly Spheres, Hieratic Seal of Convocation, Ogdoadic Water Lily, Aron, the Ogdoadic King, Hieratic Sky Dragon Overlord of Heliopolis, Hieratic Sun Dragon Overlord of Heliopolis, Hieratic Dragon King of Atum, Nauya, the Ogdoadic Remnant, Nunu, the Ogdoadic Remnant, Hieratic Seal of Creation",Hieratic Seal of Supremacy,Ogdoadic Hollow
A Song of Zephyr and Petals,2022-01-19,224733,6420.942857142857,"Windwitch - Diamond Bell, Bloom Diva the Melodious Choir, Windwitch - Ice Bell, Ostinato, Bloom Prima the Melodious Choir, Windwitch - Winter Bell, Windwitch - Glass Bell, Bloom Harmonist the Melodious Composer, 1st Movement Solo, Windwitch Chimes",Fairy Wind,Icy Breeze Refrain
Cross-Dimensional Contracts,2022-01-19,258153,6453.825,"D/D/D Gust High King Alexander, D/D/D Wave Oblivion King Caesar Ragnarok, D/D/D Cursed King Siegfried, D/D/D Duo-Dawn King Kali Yuga, D/D/D Flame High King Genghis, D/D/D Oblivion King Abyss Ragnarok, D/D/D Dragonbane King Beowulf, D/D/D Rebel King Leonidas, D/D/D Flame King Genghis, D/D/D Wave King Caesar, D/D Swirl Slime, D/D/D Abyss King Gilgamesh, Dark Contract with the Gate",D/D/D Oracle King d'Arc,D/D/D Abyss King Gilgamesh
Miraculous Advent,2022-01-19,259083,6477.075,"Herald of Ultimateness, Demise, Supreme King of Armageddon, Ruin, Supreme Queen of Oblivion, Sauravis, the Ancient and Ascended, Diviner of the Herald, Crealtar, the Impcantation Originator, Megalith Aratron, Impcantation Chalislime, Herald of Perfection, Saffira, Queen of Dragons, Herald of the Arc Light, Advanced Ritual Art, Pre-Preparation of Rites, Preparation of Rites",Manju of the Ten Thousand Hands,Diviner of the Herald
Counterswing Mages,2022-01-19,259133,6478.325,"Supreme King Z-ARC, Odd-Eyes Pendulum Dragon, Astrograph Sorcerer, Performapal Celestial Magician, Timestar Magician, Rune-Eyes Pendulum Dragon, Chronograph Sorcerer, Black Fang Magician, Double Iris Magician, Wisdom-Eye Magician, Purple Poison Magician, White Wing Magician, Duelist Alliance, Pendulum Call",Timegazer Magician,Magician of Hope
Immortal Royalty,2022-01-19,265958,6486.780487804878,"Eldlich the Golden Lord, Eldlich the Golden Lord, Eldlich the Mad Golden Lord, Vampire Voivode, Dhampir Vampire Sheridan, Crimson Knight Vampire Bram, Vampire Fraulein, Vampire Sucker, Cursed Eldland, Eldlixir of Black Awakening, Eldlixir of Scarlet Sanguine, Golden Land Forever!, Vampire Awakening, Vampire Domination",Vampire Lord,Vampire Voivode
Beloved Dolls,2022-01-19,299399,6508.673913043478,"Number 22: Zombiestein, Madolche Queen Tiarafraise, Madolche Puddingcess Chocolat-a-la-Mode, Madolche Queen Tiaramisu, Madolche Teacher Glassouffle, Toy Box, Madolche Puddingcess, Toy Soldier, Toy Tank, Madolche Anjelly, Madolche Magileine, Madolche Messengelato, Madolche Petingcessoeur, Princess Cologne, Madolche Hootcake, Madolche Mini Meowcaroons, Doll Happiness",Madolche Waltz,Madolche Dessert
Champions of Hope,2022-01-19,195716,6523.866666666667,"Number 99: Utopia Dragonar, Number S39: Utopia the Lightning, Ultimate Dragonic Utopia Ray, Number 39: Utopia, Number F0: Utopic Draco Future, Zexal Construction, ZW - Dragonic Halberd, Number 39: Utopia Double, ZS - Utopic Sage, Number F0: Utopic Future, Number F0: Utopic Future Slash, Hyper Rank-Up-Magic Utopiforce, Rank-Up-Magic Zexal Force, Xyz Change Tactics, Halfway to Forever",Number 39: Utopia,Hyper Rank-Up-Magic Utopiforce
Captivating Curtain Call,2022-01-19,260973,6524.325,"Performapal Sky Magician, Performapal Sleight Hand Magician, Performapal Pendulum Sorcerer, Performapal Gatlinghoul, Performapal Odd-Eyes Metal Claw, Performapal King Bear, Performapal Skullcrobat Joker, Performapal Longphone Bull, Performapal Kuribohble, Performapal Dramatic Theater",Performapal Whip Snake,Smile Potion
Guided by the Noble Blade,2022-01-19,261580,6539.5,"Infernoble Knight Emperor Charles, Ignoble Knight of High Laundsallyn, Sacred Noble Knight of King Artorigus, Sacred Noble Knight of King Custennin, Isolde, Two Tales of the Noble Knights, Infernoble Knight Captain Oliver, Artorigus, King of the Noble Knights, Infernoble Knight Ogier, Noble Knight Borz, Noble Knight Drystan, Noble Knight Medraut, Morgan, the Enchantress of Avalon, Infernoble Knight - Renaud, Heritage of the Chalice",Noble Knight Gawayn,Infernoble Knight Captain Oliver
Blooming in Adversity,2022-01-19,261804,6545.1,"Teardrop the Rikka Queen, Aromaseraphy Sweet Marjoram, Rikka Queen Strenna, Aromaseraphy Jasmine, Tytannial, Princess of Camellias, Mudan the Rikka Fairy, Aromaseraphy Rosemary, Staysailor Romarin, Lonefire Blossom, Aromage Jasmine, Aroma Gardening, Rikka Glamour",Lonefire Blossom,Staysailor Romarin
Colossal Mech,2022-01-19,314231,6546.479166666667,"CXyz Gimmick Puppet Fanatix Machinix, Gimmick Puppet Fantasix Machinix, Number 15: Gimmick Puppet Giant Grinder, Number 88: Gimmick Puppet of Leo, Gimmick Puppet Little Soldiers, Gimmick Puppet Chimera Doll, Rank-Up-Magic Argent Chaos Force, Number 9: Dyson Sphere, Number C15: Gimmick Puppet Giant Hunter, Number C40: Gimmick Puppet of Dark Strings, Number C88: Gimmick Puppet Disaster Leo, Gimmick Puppet Rouge Doll, Gimmick Puppet Bisque Doll, Number 40: Gimmick Puppet of Strings, Gimmick Puppet Gigantes Doll, Amphibious Swarmship Amblowhale, Mansion of the Dreadful Dolls, Marshalling Field",Tannhauser Gate,Gimmick Puppet Fiendish Knight
Warp-Speed Toys,2022-01-19,262323,6558.075,"Crystal Wing Synchro Dragon, Clear Wing Fast Dragon, Clear Wing Synchro Dragon, Hi-Speedroid Chanbara, Hi-Speedroid Kitedrake, Hi-Speedroid Hagoita, Hi-Speedroid Puzzle, Speedroid CarTurbo, Speedroid Terrortop, Hi-Speedroid Rubber Band Shooter, Speed Recovery, Speedlift",Clear Wing Synchro Dragon,Pendulum Transfer
Secret Fighters,2022-01-19,137935,6568.333333333333,,Super Quantal Mech Sword - Magnaslayer,Super Quantal Union - Magnaformation
Dragon Spirit,2022-01-19,263697,6592.425,"Chaofeng, Phantom of the Yang Zing, Draco Berserker of the Tenyi, Denglong, First of the Yang Zing, Draco Masters of the Tenyi, Baxia, Brightness of the Yang Zing, Yazi, Evil of the Yang Zing, Jiaotu, Darkness of the Yang Zing, Tenyi Spirit - Sahasrara, Shaman of the Tenyi, Vessel for the Dragon Cycle, Nine Pillars of Yang Zing, Waterfall of Dragon Souls",Yang Zing Unleashed,Dracoon Lamp
Number Recall,2022-01-19,258065,6617.051282051282,"Number iC1000: Numerounius Numerounia, Number C1000: Numerounius, Astral Kuriboh, Number 100: Numeron Dragon, Numbers Eveil, Numeron Network, Number 99: Utopic Dragon, Number 68: Sanaphond the Sky Prison, Number 11: Big Eye, Number 41: Bagooska the Terribly Tired Tapir, Number 60: Dugares the Timeless, Number C1: Numeron Chaos Gate Sunya, Numeron Wall, Rank-Up-Magic Astral Force",Number 20: Giga-Brilliant,Numbers Eveil
Invulnerable Iron Wings,2022-01-19,113169,6657.0,"Raidraptor - Final Fortress Falcon, Raidraptor - Ultimate Falcon, Raidraptor - Arsenal Falcon, Raidraptor - Revolution Falcon - Air Raid, Raidraptor - Wise Strix",Raidraptor - Nest,Raidraptor - Strangle Lanius
Draconic Resplendence,2022-01-19,266867,6671.675,"Odd-Eyes Revolution Dragon, All-Eyes Phantom Dragon, Odd-Eyes Arc Pendulum Dragon, Odd-Eyes Pendulum Dragon, Sky Iris, Odd-Eyes Venom Dragon, Odd-Eyes Phantasma Dragon, Rune-Eyes Pendulum Dragon, Odd-Eyes Phantom Dragon, Odd-Eyes Raging Dragon, Performapal Skullcrobat Joker, Odd-Eyes Fusion, Spiral Flame Strike",Odd-Eyes Dragon,Odd-Eyes Wing Dragon
Dreadnought Advance,2022-01-19,267180,6679.5,"Superdreadnought Rail Cannon Juggernaut Liebe, Number 81: Superdreadnought Rail Cannon Super Dora, Superdreadnought Rail Cannon Gustav Max, Infinitrack Fortress Megaclops, Night Express Knight, Infinitrack Earth Slicer, Infinitrack River Stormer, Flying Pegasus Railroad Stampede, Number 27: Dreadnought Dreadnoid, Revolving Switchyard, Urgent Schedule, Barrage Blast",Jumbo Drill,Heavy Forward
Those who Stand Against Kings,2022-01-19,274925,6705.487804878048,"Crystron Quariongandrax, Zoodiac Drident, Heavymetalfoes Electrumite, Zoodiac Barrage, Metalfoes Vanisher, Crystron Phoenix, Parametalfoes Azortless, Crystron Sulfefnir, Zoodiac Ratpier, Zoodiac Thoroughblade, Crystron Citree, Fullmetalfoes Alkahest, Metalfoes Fusion",Metalfoes Counter,Parametalfoes Fusion
Tournament Athletes,2022-01-19,248780,6723.783783783784,"U.A. Player Manager, U.A. Playmaker, F.A. Dawn Dragster, F.A. Shining Star GT, F.A. Motorhome Transport, F.A. Dark Dragster, U.A. Libero Spiker, U.A. Midfielder, F.A. Auto Navigator, U.A. Hyper Stadium, U.A. Locker Room",U.A. Stadium,U.A. Man of the Match
Natural Selection,2022-01-19,270605,6765.125,"Crimson Nova Trinity the Dark Cubic Lord, Crimson Nova the Dark Cubic Lord, Predaplant Chimerafflesia, Predaplant Verte Anaconda, Greedy Venom Fusion Dragon, Predaplant Triphyoverutum, Predaplant Dragostapelia, Starving Venom Fusion Dragon, Duza the Meteor Cubic Vessel, Predaplant Ophrys Scorpio, Cubic Dharma, Cubic Karma",Cubic Rebirth,Cubic Causality
Seedling Soul Fey,2022-01-19,279200,6809.756097560976,"Alsei, the Sylvan High Protector, Sunavalon Dryatrentiay, Sunavalon Melias, Sylvan Dancepione, Sylvan Charity, Orea, the Sylvan High Arbiter, Meliae of the Trees, Sylvan Princessprite, Benghalancer the Resurgent, Sunavalon Dryanome, Sunavalon Daphne, Sunvine Thrasher, Mount Sylvania",Meliae of the Trees,Sylvan Dancepione
Indomitable Knights,2022-01-19,286160,6813.333333333333,"Odd-Eyes Rebellion Xyz Dragon, Odd-Eyes Rebellion Dragon Overlord, Odd-Eyes Pendulum Dragon, Arc Rebellion Xyz Dragon, Dark Requiem Xyz Dragon, Dark Rebellion Xyz Dragon, The Phantom Knights of Rusty Bardiche, Supreme King Dragon Starving Venom, Raider's Knight, The Phantom Knights of Ancient Cloak, The Phantom Knights of Break Sword, The Phantom Knights of Silent Boots, Phantom Knights' Rank-Up-Magic Force, Raidraptor's Phantom Knights Claw, The Phantom Knights of Shade Brigandine",Odd-Eyes Pendulum Dragon,Odd-Eyes Rebellion Xyz Dragon
Emerging Monstrosity Recon!,2022-01-19,212989,6870.612903225807,"Danger! Bigfoot!, Dogoran, the Mad Flame Kaiju, Interrupted Kaiju Slumber, Super Anti-Kaiju War Machine Mecha-Thunder-King, Gameciel, the Sea Turtle Kaiju, Danger! Nessie!, Kumongous, the Sticky String Kaiju, Pendransaction, Danger!? Jackalope?, Danger!? Tsuchinoko?",Kyoutou Waterfront,Danger! Disturbance! Disorder!
Cosmic Mechanical Entities,2022-01-19,278322,6958.05,"Knightmare Gryphon, Knightmare Unicorn, Knightmare Unicorn, Mekk-Knight Spectrum Supreme, Knightmare Goblin, X-Krawler Qualiark, Knightmare Mermaid, Mekk-Knight Purple Nightfall, Mekk-Knight Blue Sky, Knightmare Corruptor Iblee, Knightmare Cerberus, Knightmare Phoenix, Mekk-Knight of the Morning Star, X-Krawler Neurogos, X-Krawler Synaphysis",Krawler Receptor,Crusadia Krawler
Fires of This World and The Next,2022-01-19,223149,6973.40625,"Shiranui Sunsaga, Yoko, the Graceful Mayakashi, Yuki-Onna, the Absolute Zero Mayakashi, Shiranui Skillsaga Supremacy","Goka, the Pyre of Malice",Mayakashi Mayhem
Moonlit Avian Dance,2022-01-19,161182,7007.913043478261,"Lunalight Leo Dancer, Lunalight Sabre Dancer, Lyrilusc - Ensemblue Robin, Lyrilusc - Recital Starling, Lunalight Panther Dancer, Lunalight Tiger, Lyrilusc - Assembled Nightingale, Lyrilusc - Celestine Wagtail, Lyrilusc - Independent Nightingale, Lyrilusc - Promenade Thrush, Lunalight Fusion, Lyrilusc - Bird Call",Lunalight Reincarnation Dance,Lyrilusc - Bird Strike
Primordial Rising,2022-01-19,281582,7039.55,"Triamid Sphinx, Fossil Warrior Skull King, Paleozoic Cambroraster, Fossil Fusion, Fossil Dragon Skullgios, Fossil Machine Skull Convoy, Fossil Warrior Skull Knight, Fossil Dyna Pachycephalo, Doki Doki, Paleozoic Anomalocaris, Paleozoic Opabinia, Time Stream",Fossil Dyna Pachycephalo,Flint Cragger
Interdimensional Interlopers,2022-01-19,282007,7050.175,"Archnemeses Protos, Metaphys Executor, Oneiros, the Dream Mirror Erlking, Oneiros, the Dream Mirror Tormentor, Dream Mirror Hypnagogia, Archnemeses Eschatos, Metaphys Horus, Metaphys Ragnarok, Ikelos, the Dream Mirror Mara, Ikelos, the Dream Mirror Sprite, Asymmetaphys, Dream Mirror of Joy, Dream Mirror of Terror",Shadow-Imprisoning Mirror,Dream Mirror Recap
The Darkness Amuses,2022-01-19,285521,7138.025,"Abyss Actor - Evil Heel, Abyss Actor - Superstar, Abyss Actor - Mellow Madonna, Amazement Administrator Arlekino, Abyss Actor - Leading Lady, Abyss Actor - Wild Hope, Amazement Attendant Comica, Abyss Actor - Hyper Director, Abyss Playhouse - Fantastic Theater, Abyss Script - Rise of the Abyss King, Amazing Time Ticket, Amaze Attraction Cyclo-Coaster",Jester Lord,Amaze Attraction Viking Vortex
Worthy Adversaries,2022-01-19,214732,7157.733333333334,"Laevatein, Generaider Boss of Shadows, Jormungandr, Generaider Boss of Eternity, Mardel, Generaider Boss of Light, Subterror Guru, Subterror Behemoth Fiendess, Subterror Behemoth Stalagmo, Harr, Generaider Boss of Storms, Hela, Generaider Boss of Doom, Subterror Behemoth Umastryx, Loptr, Shadow of the Generaider Bosses, Subterror Nemesis Warrior, The Hidden City, Generaider Boss Fight",The Hidden City,"Vala, Seidhr of the Generaider Bosses"
Souls of Sublime Gods,2022-01-19,345397,7195.770833333333,"Tsumuha-Kutsunagi the Lord of Swords, Cyber Angel Vrash, Cyber Angel Dakini, Dual Avatar - Empowered Kon-Gyo, Dual Avatar - Empowered Mitsu-Jaku, Sakitama, Yata-Garasu, Amaterasu, Cyber Angel Izana, Shinobaron Peacock, Shinobaroness Peacock, Cyber Angel Benten, Shinobaron Shade Peacock, Shinobaroness Shade Peacock, Dual Avatar - Manifested A-Un, Amano-Iwato, Dual Avatar Invitation, Ritual Sanctuary, Stars Align across the Milky Way",Yata-Garasu,Stars Align Above the Shrine
Shot Through Fiction,2022-01-19,375612,7223.307692307692,"Borreload Furious Dragon, Borreload Savage Dragon, Borrelend Dragon, Borreload Dragon, Borrelsword Dragon, Borrelcode Dragon, Absorouter Dragon, Rokket Coder, Rokket Tracer, Silverrokket Dragon, Borrelguard Dragon, Quadborrel Dragon, Striker Dragon, Boot Sector Launch, Quick Launch, Magical Cylinders, Magic Cylinder, Mirror Force, Mirror Force Launcher",Mirror Force,Rokket Coder
Three-Strike Success,2022-01-19,291402,7285.05,"Dinowrestler Pankratops, Dinowrestler King T Wrextle, Gouki The Great Ogre, Gouki Re-Match, Dinowrestler Chimera T Wrextle, Dinowrestler Giga Spinosavate, Gouki The Giant Ogre, Gouki The Master Ogre, Gouki The Powerload Ogre, Gouki The Blade Ogre, Gouki Thunder Ogre, Gouki Jet Ogre",Gouki Twistcobra,Gouki Finishing Move
Essence of Flora and Ocean,2022-01-19,292185,7304.625,"Trickstar Candina, Trickstar Holly Angel, Trickstar Light Stage, Trickstar Reincarnation, Trickstar Corobane, Marincess Blue Tang, Marincess Pascalus, Trickstar Lycoris, Marincess Great Bubble Reef, Marincess Wonder Heart, Trickstar Foxglove Witch, Marincess Coral Anemone",Trickstar Lilybell,Trickstar Festival
Soldiers from the Storm,2022-01-19,293274,7331.85,"Cyberse Clock Dragon, Accesscode Talker, Firewall Dragon, Cynet Mining, Cyberse Quantum Dragon, Lady Debug, Micro Coder, Firewall Dragon Darkfluid, Decode Talker Extended, Excode Talker, Transcode Talker, Code Talker Inverted, Cynet Codec",Firewall Dragon,Code Exporter
Cyber City Guardians,2022-01-19,125062,7356.588235294118,"Virtual World Kyubi - Shenshen, Virtual World Beast - Jiujiu, Virtual World Dragon - Longlong, Tindangle Acute Cerberus, Metaverse",Metaverse,Virtual World Gate - Xuanwu
Blazing Fortitude,2022-01-19,294931,7373.275,"Salamangreat Pyro Phoenix, Salamangreat Heatleo, Salamangreat Sunlight Wolf, Salamangreat Almiraj, Salamangreat Violet Chimera, Salamangreat Blaze Dragon, Salamangreat Gazelle, Salamangreat Miragestallio, Salamangreat Spinny, Salamangreat Balelynx, Salamangreat Circle, Salamangreat Sanctuary, Salamangreat Roar",Salamangreat Gift,Salamangreat Blaze Dragon
Legends of Old,2022-01-19,266021,7389.472222222223,"Ancient Warriors - Rebellious Lu Feng, Fairy Tail - Luna, Fairy Tail - Snow, Ancient Warriors Oath - Double Dragon Lords, Golden Castle of Stromberg, Ancient Warriors - Ambitious Cao De, Ancient Warriors - Masterful Sun Mou, Ancient Warriors - Virtuous Liu Xuan, Fairy Tail - Rella, Fairy Tail - Rochka, Fairy Tail - Sleeper, Glife the Phantom Bird, Iron Knight",Pop-Up,Fairy Tail Tales
Star-Studded Futures,2022-01-19,325514,7398.045454545455,"Dingirsu, the Orcust of the Evening Star, Krawler Soma, Girsu, the Orcust Mekk-Knight, Mekk-Knight Crusadia Avramax, World Gears of Theurlogical Demiurgy, Avida, Rebuilder of Worlds, Ib the World Chalice Justiciar, Crusadia Equimax, Longirsu, the Orcust Orchestrator, Galatea, the Orcust Automaton, Lib the World Key Blademaster, Crusadia Magius, Vesper Girsu, World Legacy Monstrosity, Orcust Crescendo",Crusadia Power,Vesper Girsu
Vessels of Freedom,2022-01-19,237300,7415.625,"Rafale, Champion Fur Hire, Folgo, Justice Fur Hire, Blackbeard, the Plunder Patroll Captain, Plunder Patroll Shipyarrrd, Plunder Patrollship Brann, Plunder Patrollship Lys, Wiz, Sage Fur Hire, Dyna, Hero Fur Hire, Plunder Patrollship Moerk, Beat, Bladesman Fur Hire",Three Trolling Trolls,"Blackeyes, the Plunder Patroll Seaguide"
Dragon Luster,2022-01-19,298536,7463.4,"Dragonmaid Sheou, House Dragonmaid, Chaos Dragon Levianeer, Starry Night, Starry Dragon, Fantastical Dragon Phantazmay, Chamber Dragonmaid, Keeper of Dragon Magic, Starry Knight Rayel, Kitchen Dragonmaid, Dragonmaid Hospitality, Return of the Dragon Lords, Starry Knight Balefire",Ruins of the Divine Dragon Lords,Starry Knight Ciel
Singular Strike Overthrow,2022-01-19,299168,7479.2,"Geomathmech Final Sigma, Surgical Striker - H.A.M.P., Mathmech Circular, Primathmech Alembertian, Sky Striker Ace - Kagari, Sky Striker Ace - Kagari, Sky Striker Mobilize - Engage!, Sky Striker Mobilize - Linkage!, Sky Striker Mobilize - Engage!, Geomathmech Magma, Mathmech Nabla, Mathmech Sigma, Primathmech Laplacian, Aileron, Sky Striker Ace - Zeke, Sky Striker Ace - Shizuku, Sky Striker Mecha - Hornet Drones, Sky Striker Mecha - Widow Anchor",Sky Striker Mecharmory - Hercules Base,Aileron
Seekers of Witchcraft,2022-01-19,329825,7496.022727272727,"Invoked Elysium, Witchcrafter Vice-Madame, Zoroa, the Magistus Conflagrant Calamity, Witchcrafter Golem Aruru, Rilliona, the Wondrous Magistus Witch Wardrobe, Crowley, the First Propheseer, Witchcrafter Confusion Confession, Invoked Mechaba, Vahram, the Magistus Divinity Dragon, Witchcrafter Madame Verre, Witchcrafter Haine, Aleister the Invoker, Artemis, the Magistus Moon Maiden, Invocation, Witchcrafter Creation",The Book of the Law,Alpha Summon
Space-Time Transcendents,2022-01-19,353451,7520.234042553191,"PSY-Framelord Omega, Time Thief Redoer, S-Force Justify, S:P Little Knight, I:P Masquerena, I:P Masquerena, S-Force Dog Tag, Time Thief Temporwhal, Time Thief Double Barrel, Time Thief Perpetua, Time Thief Winder, EM:P Meowmine, PSY-Framegear Gamma, S-Force Rappa Chiyomaru, PSY-Framelord Lambda, S-Force Nightchaser, Time Thief Power Reserve, Vivid Tail, S-Force Chase",PSY-Frame Overload,EM:P Meowmine
Artistic Angel,2022-01-19,228837,7627.9,"DoSolfachord Coolia, GranSolfachord Coolia, The Weather Painter Moonbow, The Weather Painter Rainbow, GranSolfachord Musecia, Solfachord Elegance",The Weather Auroral Canvas,GranSolfachord Coolia
Electron Illusions,2022-01-19,359057,7639.510638297872,"EvilTwins Ki-sikil & Lil-la, Altergeist Multifaker, EvilTwin's Trouble Sunny, Altergeist Memorygant, EvilTwin Ki-sikil, EvilTwin Lil-la, I:P Masquerena, Secret Password, Altergeist Marionetter, EM:P Meowmine, Altergeist Silquitous, Altergeist Meluseek, Altergeist Hexstia, EvilTwin Ki-sikil, EvilTwin Lil-la, LiveTwin Home, LiveTwin Sunny's Snitch, Vivid Tail",Backup Secretary,EM:P Meowmine
AI Omniscience,2022-01-19,249529,7797.78125,"Light Dragon @Ignister, The Arrival Cyberse @Ignister, Dark Templar @Ignister, Wind Pegasus @Ignister, Fire Phoenix @Ignister, Dark Infant @Ignister, Linguriboh, A.I. Meet You, Ignister A.I.Land, A.I.'s Show",A.I. Shadow,FA.I.ghting Spirit
Celestial Dragon and Bear,2022-01-19,237140,7904.666666666667,"Drytron Meteonis Draconids, Ursarctic Septentrion, Drytron Mu Beta Fafnir, Meteonis Drytron, Drytron Meteonis Quadrantids, Ursarctic Grand Chariot, Ursarctic Mikpolar, Drytron Alpha Thuban, Ursarctic Polari, Sacred Sword of Seven Stars, Ursarctic Departure",Sacred Sword of Seven Stars,Drytron Mu Beta Fafnir
Echo Chamber Nation,2022-01-19,319909,7997.725,"Dogmatika Fleurdelis, the Knighted, Springans Ship - Exblowrer, Tri-Brigade Shuraig the Ominous Omen, Nadir Servant, Dogmatika Maximus, White Knight of Dogmatika, Dogmatika Ecclesia, the Virtuous, Springans Merrymaker, Tri-Brigade Bearbrumm the Rampant Rampager, Tri-Brigade Ferrijit the Barren Blossom, Springans Watch, Tri-Brigade Airborne Assault",Dogmatika Encounter,Springans Interluder
Alba Abyss,2022-11-29,329497,8237.425,"Alba-Lenatus the Abyss Dragon, Lubellion the Searing Dragon, Mirrorjade the Iceblade Dragon, Albion the Branded Dragon, Titaniklad the Ash Dragon, Tri-Brigade Mercourier, Branded Fusion, Branded Lost, Nadir Servant, Albaz the Ashen, The Golden Swordsoul, Incredible Ecclesia, the Virtuous, Dogmatika Ecclesia, the Virtuous, Fallen of Albaz, Springans Merrymaker, Branded in High Spirits, Branded in White, Branded Banishment",Dogmatika Encounter,Branded Expulsion
True Dracos' Forging,2022-12-06,267430,6685.75,"Master Peace, the True Dracoslaying King, Master Peace, the True Dracoslayer, Ignis Phoenix, the Dracoslayer, Majesty Pegasus, the Dracoslayer, Mariamne, the True Dracophoenix, Metaltron XII, the True Dracombatant, True King Agnimazud, the Vanisher, True King Bahrastos, the Fathomer, True King Lithosagym, the Disaster, Amorphage Goliath, Amorphactor Pain, the Imagination Dracoverlord, Dinomight Knight, the True Dracofighter, Dinomight Powerload, the Dracoslayer, Luster Pendulum, the Dracoslayer, Nightmell the Dark Bonder, Draco Face-Off, Dragonic Diagram, Wavering Eyes, Unending Nightmare, Unwavering Bond",Risebell the Star Adjuster,Dragonic Pendulum
The Trap in the Wicked Castle,2023-07-13,263868,6596.7,"Lady Labrynth of the Silver Castle, Lovely Labrynth of the Silver Castle, Curse Necrofear, Dark Sanctuary, Dark Spirit's Mastery, Big Welcome Labrynth, Welcome Labrynth, Ariane the Labrynth Servant, Arianna the Labrynth Servant, Dark Spirit of Banishment, Dark Spirit of Malice, Absolute King Back Jack, Labrynth Labyrinth, Archfiend's Ghastly Glitch, Labrynth Barrage, Destiny Board",Sangan,Diabolica the Draconique General
The Ultimate Traditional Art,2023-07-27,290760,6186.382978723404,"Psychic End Punisher, Ukiyoe-P.U.N.K. Amazing Dragon, Karakuri Super Shogun mdl 00N ""Bureibu"", Ukiyoe-P.U.N.K. Rising Carp, Thought Ruler Archfiend, Noh-P.U.N.K. Deer Note, P.U.N.K. JAM Dragon Drive, Noh-P.U.N.K. Foxy Tune, Noh-P.U.N.K. Ogre Dance, Karakuri Steel Shogun mdl 00X ""Bureido"", Karakuri Shogun mdl 00 ""Burei"", Karakuri Bonze mdl 9763 ""Kunamzan"", Noh-P.U.N.K. Ze Amin, Karakuri Komachi mdl 224 ""Ninishi"", Karakuri Merchant mdl 177 ""Inashichi"", Aussa the Earth Charmer, Immovable, P.U.N.K. JAM Extreme Session, Karakuri Cash Cache",Spiritual Earth Art - Kurogane,P.U.N.K. JAM Extreme Session
Guardian of the Sacred Summit,2023-07-27,276983,6924.575,"Swordsoul Sinister Sovereign - Qixing Longyuan, Swordsoul Supreme Sovereign - Chengying, Chaofeng, Phantom of the Yang Zing, Swordsoul Grandmaster - Chixiao, The Iris Swordsoul, Denglong, First of the Yang Zing, Swordsoul of Mo Ye, The Abyss Dragon Swordsoul, Baxia, Brightness of the Yang Zing, Yazi, Evil of the Yang Zing, The Golden Swordsoul, Incredible Ecclesia, the Virtuous, Jiaotu, Darkness of the Yang Zing, Swordsoul Emergence, Nine Pillars of Yang Zing, Waterfall of Dragon Souls",Yang Zing Unleashed,The Abyss Dragon Swordsoul
Guided by Fate,2023-08-10,223286,7974.5,"Magikey Fiend - Transfurlmine, Magikey Dragon - Andrabime, Illegal Knight, Wandering Gryphon Rider, Water Enchantress of the Temple, Rite of Aramesir, Yakusa, Lord of the Eight Thunders, Magikey Mechmortar - Garesglasser, Magikey Spirit - Vepartu, Curse of Aramatir, Fateful Adventure, Supernatural Danger Zone, High Ritual Art, Advanced Ritual Art, Hidden Armory, Armory Call",Advanced Ritual Art,Celestial Apparatus Tesea
Beastly Claws of Terror,2023-08-29,214950,5809.459459459459,"XX-Saber Gottoms, Visas Starfrost, Scareclaw Reichheart, M-X-Saber Invoker, Scareclaw Tri-Heart, Scareclaw Light-Heart, Primitive Planet Reichphobia, Gottoms' Emergency Call",X-Saber Galahad,Scareclaw Defanging
The Noble Knights of Crimson Flowers,2023-09-07,282928,7073.2,"Baronne de Fleur, Infernoble Knight Emperor Charles, Sauge de Fleur, Ecole de Zone, Tuning, Chevalier de Fleur, Sorciere de Fleur, Centaur Mina, Infernoble Knight Captain Oliver, Infernoble Knight Ogier, Horse of the Floral Knights, Necro Synchron, Infernoble Knight - Renaud, Fleuret de Fleur, Soul Binding Gate",Synchro Fusionist,Noble Knight's Spearholder
Beetle Troops Roll Out,2023-09-19,216215,6177.571428571428,"Inzektor Giga-Mantis, Primitive Butterfly, Inzektor Hornet, Smoke Mosquito, Seraphim Papillion, Beetrooper Armor Horn, Inzektor Picofalena, Zektrike Kou-ou, Beetrooper Descent, Inzektor Sword - Zektkaliber",Scary Moth,Dragonbite
The Opening Act of an Apocalypse,2023-10-10,275413,6885.325,"The First Darklord, Granguignol the Dusk Dragon, Masquerade the Blazing Dragon, Despian Quaeritis, Darklord Superbia, Blazing Cartesia, the Virtuous, Darklord Morningstar, Darklord Ixchel, Dramaturge of Despia, Darklord Nasten, Darklord Amdusc, Aluber the Jester of Despia, Condemned Darklord, Banishment of the Darklords, Branded Banishment, Darklord Rebellion",Darklord Marie,Granguignol the Dusk Dragon
Fires of Scorching Bonds,2023-10-30,299135,7478.375,"Libromancer Fireburst, Libromancer Doombroker, Libromancer Fire, Cyberse Gadget, Topologic Zeroboros, Topologic Trisbaena, Libromancer First Appearance, Libromancer Mystigirl, Libromancer Geek Boy, Draconnet, Topologic Bomber Dragon, Brute Enforcer, Link Disciple, Libromancer Origin Story, Pre-Preparation of Rites, Preparation of Rites, Libromancer Displaced, Libromancer Intervention",Manju of the Ten Thousand Hands,Libromancer Origin Story
Treasures of the Cosmic Ocean,2023-10-30,325999,8149.975,"Ghoti of the Deep Beyond, Icejade Gymir Aegirine, Icejade Kosmochlor, White Aura Bihamut, Moray of Avarice, The Most Distant, Deepest Depths, Icejade Cenote Enion Cradle, Icejade Creation Kingfisher, Askaan, the Bicorned Ghoti, Guoglim, Spear of the Ghoti, White Aura Whale, Icejade Creation Aegirocassis, Arionpos, Serpent of the Ghoti, Icejade Aegirine, Paces, Light of the Ghoti, Icejade Manifestation, Icejade Curse, Icejade Cradle, Ghoti Chain, White Howling",Surface,Minairuka
Sisters of the Light,2023-11-09,275517,6887.925,"Exosisters Magnifica, Artifact Scythe, Exosister Martha, Exosister Mikailis, Exosister Pax, Artifact Sanctum, Artifact Durendal, Artifact Lancea, Artifact Moralltach, Exosister Gibrine, Exosister Sophia, Exosister Stella, Artifact Dagda, Artifact Ignition, Twin Twisters, Exosister Returnia, Exosister Vadis",Double Cyclone,Double Dust Tornado Twins
The Ones Who Serve Ra,2023-11-27,255654,6391.35,"The Winged Dragon of Ra, The Winged Dragon of Ra - Immortal Phoenix, The Winged Dragon of Ra - Sphere Mode, Keldo the Sacred Protector, Gravekeeper's Trap, Egyptian God Slime, Lava Golem, Mudora the Sword Oracle, World Soul - Carbon, Gravekeeper's Inscription, Ancient Chant, Left Arm Offering, Millennium Revelation, Mound of the Bound Creator, Temple of the Kings, Apophis the Swamp Deity, Exchange of Despair and Hope, Dark Spell Regeneration, Exchange of the Spirit",Jam Defender,Qardan the Clear-Sighted
Fighting Spirit of Sparking Iron,2023-11-27,333074,8326.85,"Therion Irregular, Gigantic Champion Sargas, Therion ""King"" Regulus, Albion the Branded Dragon, Springans Ship - Exblowrer, Endless Engine Argyro System, Therion Discolosseum, Therion ""Empress"" Alasia, Therion ""Lily"" Borea, Albaz the Ashen, Springans Merrymaker, Tally-ho! Springans, Therion Charge, Branded in High Spirits, Branded in White, Springans Watch, Therion Cross",Springans Call!,Gigantic Thundercross
Dragon Kings from the Abyss,2023-12-05,257482,6437.05,"Bystial Dis Pater, The Bystial Lubellion, Bystial Magnamhut, Hieratic Seal of the Heavenly Spheres, Hieratic Seal of Convocation, The Bystial Alba Los, Hieratic Sky Dragon Overlord of Heliopolis, Hieratic Sun Dragon Overlord of Heliopolis, Bystial Baldrake, Bystial Druiswurm, Bystial Saronir, Hieratic Dragon King of Atum, The Bystial Aluber, Branded Regained, Hieratic Seal of Creation, Branded Befallen",Advance Draw,Etude of the Branded
The Bizarre Playing Board,2023-12-05,225959,7791.689655172414,"Arktos XII - Chronochasm Vaylantz, Mamonaka the Vaylantz United, Performapal Monkeyboard, Performapal Celestial Magician, Performapal Pendulum Sorcerer, Vaylantz World - Konig Wissen, Vaylantz World - Shinra Bansho, Vaylantz Genesis Grand Duke, Performapal BaroKuriboh, Performapal Duelist Extraordinaire, Performapal Gentrude, Performapal Skullcrobat Joker, Performapal Ladyange, Shinonome the Vaylantz Priestess, Performapal ClassiKuriboh, Performapal Odd-Eyes Valet, Vaylantz Wakening - Solo Activation, Performapal Dramatic Theater",Performapal Trampolynx,Performapal Odd-Eyes Butler
Transcendentalism,2024-01-10,324213,8105.325,"Transcendosaurus Meteorus, Doodle Beast - Tyranno, Dinomorphia Rexterm, Dyna Tank, Dinomorphia Kentregina, Dinomorphia Therizia, Ground Xeno, Dinomorphia Domain, Storagepod, Xeno Meteorus, Dinomorphia Stealthbergia, Doodle Beast - Stego, Dyna Base, Transcendosaurus Exaraptor, Dinomorphia Intact, Doodlebook - Uh uh uh!, Dinomorphia Frenzy, Dinomorphia Reversion",Fossil Excavation,Transcendosaurus Exaraptor
Hope Sprouting in the Spring Breeze,2024-01-29,286826,7354.51282051282,"Vera the Vernusylph Goddess, Aussa the Earth Channeler, Vernusylph of the Flourishing Hills, G Golem Pebble Dog, G Golem Invalid Dolmen, Gravity Balance, Grandtusk Dragon, Beast King Barbaros, King Beast Barbaros, Vernusylph of the Awakening Forests, World Soul - Carbon, Vernusylph of the Misting Seedlings, G Golem Dignified Trilithon, Tri-Gate Wizard, G Golem Crystal Heart, Aussa the Earth Charmer, Immovable, Vernusylph Corolla, Vernusylph in Full Bloom",Aussa the Earth Charmer,G Golem Rock Hammer
Burst of Zapping Energy!,2024-02-07,242671,6066.775,"Batteryman Solar, Gigantic Spright, Spright Blue, Spright Sprind, Spright Elf, Spright Starter, Batteryman Industrial Strength, Super-Electromagnetic Voltech Dragon, Batteryman 9-Volt, Onibimaru Soul Sweeper, Spright Jet, Ipiria, Sky Cavalry Centaurea, Some Summer Summoner, Universal Adapter",Battery Charger,Fallen of Argyros
Songstress of Sorrow Song,2024-03-08,277925,6463.372093023256,"Tearlaments Kaleido-Heart, Tearlaments Rulkallos, Mermail Abyssgaios, Tearlaments Reinoheart, Tearlaments Scheiren, Mermail Abyssalacia, Primeval Planet Perlereino, Tearlaments Scream, Tearlaments Kashtira, Mermail Abyssleed, Mermail Abyssmegalo, Mermail Abyssteus, Tearlaments Kitkallos, Supreme Sea Mare, Mermail Abyssgunde, Tearlaments Perlegia",Forgotten Temple of the Deep,Tearlaments Perlegia
"Rescue Team, Emergency Dispatch!",2024-04-11,280542,7013.55,"Machina Ruinforce, Machina Citadel, Rescue-ACE Turbulence, Rescue-ACE Preventer, Machina Fortress, Rescue-ACE Hydrant, EMERGENCY!, Machina Metalcruncher, Machina Air Raider, Rescue-ACE Air Lifter, Rescue-ACE Monitor, Machina Unclaspare, Rescue-ACE Impulse, Machina Redeployment, Machine Duplication, Unauthorized Reactivation, Dimensional Prison",Rare Metalmorph,EMERGENCY!
My Cute Lovely Friends,2024-04-11,314454,7861.35,"Expurrely Happiness, Expurrely Noir, Epurrely Noir, Joyous Melffys, Melffy of the Forest, My Friend Purrely, Purrely Sleepy Memory, Epurrely Beauty, Epurrely Happiness, Epurrely Plump, Melffy Wally, Hop Ear Squadron, Melffy Mommy, Kinka-byo, Melffy Staring Contest",Sea Koala,Purrely Sharely!?
A Dance Dedicated to the Heavens,2024-04-12,229975,5749.375,"Guardian Eatos, Ohime the Manifested Mikanko, Original Bamboo Sword, Mikanko Fire Dance, Mikanko Water Arabesque, Mikanko Spiritwalk, Arahime the Manifested Mikanko, Guardian Dreadscythe, Ha-Re the Sword Mikanko, Hu-Li the Jewel Mikanko, Ni-Ni the Mirror Mikanko, Mikanko Dance - Mayowashidori, Cursed Bamboo Sword, Golden Bamboo Sword, Hidden Armory, Power of the Guardians, Armory Call",Wicked-Breaking Flamberge - Baou,Arahime the Manifested Mikanko
Wings That Span the Sky,2024-04-24,282108,7052.7,"Floowandereeze & Snowl, Simorgh, Bird of Sovereignty, Floowandereeze and the Advent of Adventure, Simorgh Onslaught, Floowandereeze & Empen, Simorgh of Darkness, Simorgh, Lord of the Storm, Dark Simorgh, Transonic Bird, Simorgh, Bird of Bringing, Floowandereeze & Eglen, Floowandereeze & Robina, D.D. Crow, Floowandereeze and the Unexplored Winds","Simorgh, Bird of Divinity",Laughing Puffin
Raging God of the Sea,2024-04-24,299108,7477.7,"Mega Fortress Whale, CXyz N.As.Ch. Knight, N.As.H. Knight, Ocean Dragon Lord - Kairyu-Shin, Worldsea Dragon Zealantis, Barian's Chaos Draw, Seventh Ascension, Navy Dragon Mech, Citadel Whale, Abyss Shark, Supreme Sea Mare, Doom Kraken, Yorishiro of the Aqua, Full Armored Black Ray Lancer, Number 71: Rebarian Shark, Yamatako Orochi, Fish Sonar, Fury of Kairyu-Shin",Torrential Tribute,Dream Shark
A Full Course of Magic,2024-05-09,300816,7713.2307692307695,"Baelgrill de Nouvelles, Poissonniere de Nouvelles, Nouvelles Restaurant ""At Table"", Ready Fusion, Patissciel Couverture, Balameuniere de Nouvelles, Gunkan Suship Uni-class Super-Dreadnought, Sea Monster of Theseus, Gunkan Suship Shari Red, Gunkan Suship Shirauo-class Carrier, Gunkan Suship Catch-of-the-Day, Concours de Cuisine (Culinary Confrontation), Voici la Carte (Today's Menu), Painful Decision, Chef's Special Recipe, Fusion Duplication",Hamburger Recipe,Concours de Cuisine (Culinary Confrontation)
VS NEW CHALLENGER!,2024-06-07,281645,7221.666666666667,"Gizmek Okami, the Dreaded Deluge Dragon, Gizmek Kaku, the Supreme Shining Sky Stag, Vanquish Soul Caesar Valius, Gizmek Orochi, the Serpentron Sky Slasher, Vanquish Soul Dr. Mad Love, Vanquish Soul Razen, Stake your Soul!, Vanquish Soul Heavy Borger, Gizmek Uka, the Festive Fox of Fecundity, Vanquish Soul Jiaolong, Skull Meister, Gren Maju Da Eiza, Swift Scarecrow, Rock of the Vanquisher, Vanquish Soul Dust Devil, Ledger of Legerdemain, Pinpoint Landing, Sacred Scrolls of the Gizmek Legend",Gren Maju Da Eiza,Vanquish Soul Snow Devil
A Warrior of Seething Anger,2024-07-11,282117,7052.925,"Gate Guardians Combined, Kashtira Arise-Heart, Kashtira Fenrir, Kashtira Unicorn, Kashtira Riseheart, Kashtiratheosis, Pressured Planet Wraitsoth, Trivikarma, Gate Guardian of Thunder and Wind, Gate Guardian of Water and Thunder, Gate Guardian of Wind and Water, Scareclaw Kashtira, Tearlaments Kashtira, Kashtira Shangri-Ira, Shadow Ghoul of the Labyrinth, Riryoku Guardian, Kashtira Birth, Kashtira Big Bang",Suijin,Kashtira Akstra
Evoked Dragon of Miracles,2024-08-08,314132,6828.95652173913,"Cosmic Quasar Dragon, Crimson Dragon, Shooting Majestic Star Dragon, Stardust Dragon, Accel Synchro Stardust Dragon, Stardust Dragon, Junk Warrior, Junk Warrior, Revolution Synchron, Assault Synchron, Tuning, Tuning, Red Dragon Archfiend, Wheel Synchron, Stardust Synchron, Formula Synchron, Stardust Wurm, Duelist Genesis, Final Cross, On Your Mark, Get Set, DUEL!, Stardust Illumination, Synchro Overtake, Stardust Mirage",Junk Warrior,Synchro Rumble
Adventure of Mystical Etchings,2024-09-12,314429,7860.725,"Laevatein, Generaider Boss of Shadows, Jormungandr, Generaider Boss of Eternity, Mardel, Generaider Boss of Light, Munin the Runick Wings, Hugin the Runick Wings, Runick Fountain, Runick Tip, Sleipnir the Runick Mane, Harr, Generaider Boss of Storms, Hela, Generaider Boss of Doom, Freki the Runick Fangs, Geri the Runick Fangs, Loptr, Shadow of the Generaider Bosses, Runick Destruction, Runick Flashing Fire, Runick Freezing Curses, Runick Golden Droplet, Generaider Boss Fight",Number 53: Heart-eartH,Sleipnir the Runick Mane
New World Replete With Joy,2024-09-12,331501,8287.525,"Veda Kalarcanum, Mannadium Prime-Heart, Veda Kalanta, Visas Amritara, Vicious Astraloud, Visas Starfrost, Mannadium Riumheart, Peaceful Planet Calarium, Stardust Spark Dragon, Mannadium Trisukta, Golden Cloud Beast - Malong, Visas Samsara, Ages of Stars and Frost, Realm Elegy, Realm Eulogy, Mannadium Abscission, Valhalla, Hall of the Fallen, Mannadium Reframing","Valhalla, Hall of the Fallen",Ages of Stars and Frost
Tricky Reception,2024-10-28,642401,7557.658823529412,"DPH Gendamoore, Gold Pride - Eradicator, Doomking Balerdroch, Thunder Dragon Colossus, Disablaster the Negation Fortress, Krishnerd Witch, Ghostrick Angel of Mischief, Infernity Archfiend, Underworld Goddess of the Closed World, Summon Sorceress, Moon of the Closed Heaven, Chicken Game, Metaverse, Conbirdable, Time Reloader, Dragonecro Nethersoul Dragon, Gold Pride - Eliminator, Thunder Dragondark, Hallo, the Spirit of Tricks, Ween, the Spirit of Treats, Ghost Wyvern, the Underworld Dragon, Mathmech Sigma, Cursed Fire King Doom Burst, Gold Pride - Captain Carrie, Infernity Necromancer, Ghost Charon, the Underworld Boatman, Ghostrick Lantern, Paralyzing Mushroom, Multi-Universe, Mutamorphosis, Sunset Beat, This Creepy Little Punk, Thunder Dragon Fusion, Terrors of the Afterroot, Ghostrick or Treat",Infernity Dwarf,Infernity Queen
The Most Dangerous Race of the Cosmos!,2024-10-28,319320,7602.857142857143,"Gold Pride - Eradicator, F.A. Dawn Dragster, Gold Pride - Star Leon, Gold Pride - Leon, F.A. Shining Star GT, Gold Pride - Better Luck Next Time!, Chicken Game, Gold Pride - Pin Baller, F.A. Motorhome Transport, F.A. Dark Dragster, Gold Pride - Eliminator, Gold Pride - Captain Carrie, Gold Pride - Chariot Carrie, Psychic Wheeleder, F.A. Auto Navigator, Gold Pride - The Crowd Goes Wild!, U.A. Hyper Stadium, U.A. Locker Room",Megamorph,Gold Pride - Eliminator
Sugar-Suffused Reverie,2024-11-07,267429,6685.725,"Madolche Queen Tiarafraise, Madolche Puddingcess Chocolat-a-la-Mode, Madolche Queen Tiaramisu, Madolche Teacher Glassouffle, Dreaming Nemleria, Sweet Dreams, Nemleria, Dreaming Reality of Nemleria, Realized, Nemleria Dream Devourer - Reveil, Madolche Puddingcess, Madolche Anjelly, Madolche Magileine, Madolche Messengelato, Madolche Petingcessoeur, Number 41: Bagooska the Terribly Tired Tapir, Madolche Hootcake, Madolche Mini Meowcaroons, Dream Tower of Princess Nemleria, Nemleria Repeter",Madolche Waltz,Madolche Dessert
Illusion Beast's Roar,2024-11-07,290359,7258.975,"Guardian Chimera, Darkest Diabolos, Lord of the Lair, Nightmare Magician, Nightmare Apprentice, Chimera the King of Phantom Beasts, Big-Winged Berfomet, Mirror Swordknight, Lilith, Lady of Lament, Chimera the Illusion Beast, Berfomet the Mythical King of Phantom Beasts, Cornfield Coatl, Gazelle the King of Mythical Claws, Ahrima, the Wicked Warden, Master Tao the Chanter, Alice, Lady of Lament, Loris, Lady of Lament, Chimera Fusion, Lair of Darkness, Deck Devastation Virus, Eradicator Epidemic Virus, Full Force Virus, Grinning Grave Virus",Gazelle the King of Mythical Beasts,Mirage Mirror Force
Geas of the Light,2024-11-07,679536,7994.541176470589,"Vouiburial, the Dragon Undertaker, Flowering Etoile the Melodious Magnificat, Gandora-G the Dragon of Destruction, Snake-Eyes Diabellstar, Ultimate Flame Swordsman, Gandora-X the Dragon of Demolition, Bacha the Melodious Maestra, Nightmare Apprentice, Madolche Queen Tiarafraise, Refrain the Melodious Songstress, Heretical Phobos Covos, Shining Sarcophagus, Ostinato, Mirage Swordsman, Dark Magician the Magician of Black Magic, Couplet the Melodious Songstress, Fighting Flame Dragon, Fighting Flame Swordsman, Silent Magician Zero, Silent Swordsman Zero, Madolche Messengelato, Madolche Petingcessoeur, Salamandra, the Flying Flame Dragon, Courageous Crimson Chevalier Bradamante, Infernoble Knight - Renaud, Cosmic Tree Irmistil, Madolche Mini Meowcaroons, Bloom Harmonist the Melodious Composer, Ferocious Flame Swordsman, Fighting Flame Sword, Flame Swordsrealm, Turn Silence, ""Infernoble Arms - Almace"", 1st Movement Solo, Dark Magic Mirror Force",Madolche Mewfeuille,Madolche Dessert
Invincible Aces,2024-12-06,573266,6744.305882352941,"Lord of the Heavenly Prison, Master Peace, the True Dracoslaying King, Red-Eyes Dark Dragoon, Red-Eyes Black Dragon, Girsu, the Orcust Mekk-Knight, Ghost Mourner & Moonlit Chill, Knightmare Gryphon, Mekk-Knight Crusadia Avramax, Knightmare Goblin, Knightmare Mermaid, Triple Tactics Thrust, Dark Ruler No More, Destructive Daruma Karma Cannon, Archfiend Black Skull Dragon, Mariamne, the True Dracophoenix, Metaltron XII, the True Dracombatant, True King Agnimazud, the Vanisher, True King Bahrastos, the Fathomer, True King Lithosagym, the Disaster, Fantastical Dragon Phantazmay, Red-Eyes Flare Metal Dragon, Red-Eyes Black Meteor Dragon, Dinomight Knight, the True Dracofighter, Ib the World Chalice Justiciar, Armageddon Knight, Draconnet, Longirsu, the Orcust Orchestrator, Galatea, the Orcust Automaton, Knightmare Cerberus, Knightmare Phoenix, Dragonic Diagram, Red-Eyes Fusion, Red-Eyes Insight, Orcust Crescendo, Warning Point",Red-Eyes Black Dragon,Red-Eyes Black Meteor Dragon
Chaotic Showtime,2024-12-06,671932,7905.082352941176,"CXyz Gimmick Puppet Fanatix Machinix, Diabell, Queen of the White Forest, Gimmick Puppet Fantasix Machinix, Diabellze the Original Sinkeeper, Diabellstar the Black Witch, Gimmick Puppet Little Soldiers, Silvy of the White Forest, Astellar of the White Forest, Trickstar Hoody, Silhouhatte Rabbit, Trickstar Noble Angel, Tales of the White Forest, WANTED: Seeker of Sinful Spoils, Number C88: Gimmick Puppet Disaster Leo, Gimmick Puppet Rouge Doll, Gimmick Puppet Bisque Doll, Rciela, Sinister Soul of the White Forest, Silvera, Wolf Tamer of the White Forest, Trickstar Band Drummatis, Trickstar Corobane, Rucia of the White Forest, Trickstar Aqua Angel, Gimmick Puppet Gigantes Doll, Trickstar Lycoris, Vulmina, Statue of the Sacred Dragon, Elzette of the White Forest, Trickstar Foxglove Witch, Mansion of the Dreadful Dolls, Vesper Girsu, Silhouhatte Trick, Sinful Spoils Subdual, Woes of the White Forest, Apophis the Swamp Deity, Angel Statue - Azurune, Shapesister",Embodiment of Apophis,Trickstar Diffusion
