Pack Name,Release Date,OCG Score,Pack Score Average,Unlock Cards,Most Older Cards,Most Recent Cards
The Hidden Arts,2022-01-19,106630,5331.5,"Yellow Dragon Ninja, Black Dragon Ninja, White Dragon Ninja, Red Dragon Ninja, Blue Dragon Ninja, Ninja Grandmaster Hanzo, Hidden Village of Ninjitsu Arts, Ninjitsu Art of Mirage-Transformation",,
Cross-Dimensional Contracts,2022-01-19,119808,5990.4,"D/D/D Gust High King Alexander, D/D/D Wave Oblivion King Caesar Ragnarok, D/D/D Cursed King Siegfried, D/D/D Duo-Dawn King Kali Yuga, D/D/D Flame High King Genghis",,
Roid Nexus,2022-01-19,133899,3347.475,"Super Vehicroid - Mobile Base, Super Vehicroid - Stealth Union, Dragonroid, Limiter Removal, Super Vehicroid Jumbo Drill, Drillroid, Mixeroid, Future Fusion, Machine Duplication, Megaroid City, Vehicroid Connection Zone, Emergeroid Call",,
Guardian of Kings,2022-01-19,134168,3530.7368421052633,"Gravekeeper's Oracle, Gravekeeper's Supernaturalist, Necrovalley, Gravekeeper's Visionary, Gravekeeper's Shaman, Gravekeeper's Nobleman, Gravekeeper's Recruiter, Hidden Temples of Necrovalley, Necrovalley Throne, Royal Tribute, Temple of the Kings, Imperial Tombs of Necrovalley",,
"Cell ""A"" Corruption",2022-01-19,137206,3518.102564102564,"Cosmic Fortress Gol'gar, Cosmic Slicer Zer'oll, Alien Shocktrooper M-Frame, Cosmic Horror Gangi'el, Alien Overlord, Alien Stealthbuster, Alien Ammonite, ""A"" Cell Recombination Device, Planet Pollutant Virus",,
Glory on Wings,2022-01-19,140682,3907.8333333333335,"Cyber Slash Harpie Lady, Harpie Channeler, Harpie's Feather Duster, Harpie's Feather Storm, Harpie's Pet Dragon - Fearsome Fire Blast, Harpie Dancer, Harpie Harpist, Harpie Perfumer, Harpie's Pet Phantasmal Dragon, Harpie Conductor, Hysteric Sign, Hysteric Party, Icarus Attack",,
Synchro Mode Change,2022-01-19,143611,4223.85294117647,"T.G. Halberd Cannon/Assault Mode, Stardust Dragon/Assault Mode, Supreme Arcanite Magician, Stardust Dragon, T.G. Halberd Cannon, Colossal Fighter/Assault Mode, Dragon Knight Draco-Equiste, Red Dragon Archfiend/Assault Mode, Ultimate Axon Kicker, Arcanite Magician/Assault Mode, Red Dragon Archfiend, Arcanite Magician",,
Devastation Regenerated,2022-01-19,144580,4663.870967741936,"Atomic Scrap Dragon, Scrap Dragon, Scrap Wyvern, Scrap Twin Dragon, Scrap Chimera, Scrap Raptor, Cross Breed, Scrapstorm, Scrapyard",,
Rapid Aircraft Advancement,2022-01-19,146170,6355.217391304348,"Machina Ruinforce, Machina Citadel, Machina Fortress, Mecha Phantom Beast Dracossack, Mecha Phantom Beast Auroradon, Machina Metalcruncher, Phantom Fortress Enterblathnir, Machina Air Raider, Machina Unclaspare, Mecha Phantom Beast O-Lion, Machina Redeployment, Unauthorized Reactivation, Aerial Recharge",,
Fabled Gods,2022-01-19,146928,4591.5,"Fabled Leviathan, Fabled Valkyrus, The Fabled Unicore, Fabled Andwraith, Fabled Soulkius, Fabled Ragin, Fabled Grimro, The Fabled Cerburrel, Obedience Schooled",,
Elemental Exchanges,2022-01-19,148430,3710.75,"Locomotion R-Genex, Thermal Genex, Vindikite R-Genex, Genex Ally Triforce, Genex Solar, Windmill Genex, Genex Ally Triarm, Hydro Genex, Genex Ally Birdman, Genex Undine",,
Justice Before Attribute,2022-01-19,148839,3720.975,"Ally of Justice Decisive Armor, Ally of Justice Field Marshal, Ancient Flamvell Deity, Rekindling, Ally of Justice Light Gazer, Ally of Justice Catastor, Flamvell Firedog, Neo Flamvell Lady, Ally of Justice Cycle Reader, Ally of Justice Cyclone Creator, Neo Flamvell Hedgehog, Neo Flamvell Origin",,
Astral Trinity of Gods,2022-01-19,148925,4653.90625,"Loki, Lord of the Aesir, Odin, Father of the Aesir, Thor, Lord of the Aesir, Vanadis of the Nordic Ascendant, Valkyrie of the Nordic Ascendant, Gullveig of the Nordic Ascendant, Gleipnir, the Fetters of Fenrir, The Golden Apples",,
Transforming Tech,2022-01-19,150499,3762.475,"Life Stream Dragon, Power Tool Dragon, Power Tool Mecha Dragon, Morphtronic Videon, Morphtronic Boarden, Morphtronic Celfon, Morphtronic Smartfon, Morphtronic Map",,
Combatants of Flame,2022-01-19,151088,4721.5,"Lavalval Exlord, Lavalval Salamander, Lavalval Dragun, Rekindling, Laval the Greater, Laval Archer, Laval Lakeside Lady, Laval Forest Sprite, Laval Volcano Handmaiden, Birth of the Prominence Flame, Molten Conduction Field",,
The First Heroes,2022-01-19,152593,3814.825,"Elemental HERO Neos, Elemental HERO Sunrise, Elemental HERO Solid Soldier, Elemental HERO Stratos, A Hero Lives, Elemental HERO Absolute Zero, Elemental HERO Escuridao, Elemental HERO Great Tornado, Elemental HERO Nova Master, Elemental HERO The Shining, Elemental HERO Gaia, Elemental HERO Grandmerge, Elemental HERO Liquid Soldier, Elemental HERO Shadow Mist, E - Emergency Call",,
Mastery of the Grimoire,2022-01-19,157345,5075.645161290323,"Hierophant of Prophecy, Spellbook Magician of Prophecy, Crowley, the First Propheseer, Spellbook of Secrets, High Priestess of Prophecy, Empress of Prophecy, Temperance of Prophecy, Spellbook of Fate, Spellbook of Knowledge, Spellbook of Life, Spellbook of the Master",,
Curse of the Serpent,2022-01-19,160995,4024.875,"Vennominaga the Deity of Poisonous Snakes, Vennominon the King of Poisonous Snakes, Reptilianne Echidna, Snake Rain, Evil Dragon Ananta, Reptilianne Vaskii, Reptilianne Hydra, Ipiria, Reptilianne Lamia, Venom Swamp, Offering to the Snake Deity",,
The Great Olds,2022-01-19,161228,4742.0,"Obelisk the Tormentor, Slifer the Sky Dragon, The Winged Dragon of Ra, The Winged Dragon of Ra - Immortal Phoenix, The Winged Dragon of Ra - Sphere Mode, The Breaking Ruin God, The True Sun God, The Revived Sky God",,
Neo Space Comrades,2022-01-19,162870,4071.75,"Elemental HERO Divine Neos, Elemental HERO Honest Neos, Elemental HERO Neos, Neos Fusion, Elemental HERO Cosmo Neos, Elemental HERO Nebula Neos, Elemental HERO Brave Neos, Elemental HERO Neos Alius, Neo Space Connector, Generation Next, Miracle Contact, NEXT",,
Gargantuan Gears,2022-01-19,163086,4530.166666666667,"Chaos Ancient Gear Giant, Ultimate Ancient Gear Golem, Ancient Gear Megaton Golem, Ancient Gear Reactor Dragon, Geartown, Ancient Gear Gadjiltron Dragon, Ancient Gear Golem - Ultimate Pound, Ancient Gear Hydra, Ancient Gear Gadget, Ancient Gear Wyvern, Ancient Gear Ballista, Ancient Gear Catapult, Ancient Gear Fusion",,
Iron Core Synthetics,2022-01-19,163113,4077.825,"Koa'ki Meiru Maximus, Koa'ki Meiru Rooklord, Koa'ki Meiru Urnight, Diamond Core of Koa'ki Meiru, Koa'ki Meiru Bergzak, Koa'ki Meiru Drago, Koa'ki Meiru Guardian, Koa'ki Meiru Overload, Koa'ki Meiru Sandman, Koa'ki Meiru Supplier, Koa'ki Meiru Wall, Koa'ki Meiru Doom, Nega-Ton Corepanel",,
Beasts of the Inferno,2022-01-19,163660,4196.410256410257,"Volcanic Doomfire, Hazy Flame Basiltrice, Star Mine, Blaze Accelerator Reload, Lava Golem, Hazy Flame Sphynx, Vulcan the Divine, Volcanic Rocket, Firebrand Hymnist, Gren Maju Da Eiza, Volcanic Counter, Volcanic Shell",,
Emblazoned Armor,2022-01-19,165737,4735.342857142857,"Vylon Omega, ABC-Dragon Buster, Vylon Disigma, Vylon Alpha, Vylon Epsilon, Vylon Sigma, Union Driver, A-Assault Core, B-Buster Drake, C-Crush Wyvern, Union Hangar",,
Awakening of the Ancients,2022-01-19,165795,4144.875,"Guardian Eatos, Artifact Scythe, Double-Edged Sword, Artifact Sanctum, Guardian Dreadscythe, Artifact Durendal, Artifact Lancea, Artifact Moralltach, Artifact Dagda, Artifact Ignition, Hidden Armory, Power of the Guardians, Armory Call",,
Invaders from Outer Space,2022-01-19,169747,4467.026315789473,"Nibiru, the Primal Being, Worm Zero, Graydle Dragon, W Nebula Meteorite, Worm King, Worm Victory, King of the Feral Imps, Worm Solid, Graydle Alligator, Graydle Eagle, Number 26: Spaceway Octobypass, Worm Linx",,
Great Shogun's Rule,2022-01-19,169894,4247.35,"Legendary Six Samurai - Shi En, Shadow of the Six Samurai - Shien, Battle Shogun of the Six Samurai, Gateway of the Six, Grandmaster of the Six Samurai, Secret Six Samurai - Rihan, Legendary Six Samurai - Kizan, Secret Six Samurai - Fuma, Shien's Smoke Signal, Six Samurai United, Musakani Magatama",,
Toontastic,2022-01-19,170976,4499.368421052632,"Toon Black Luster Soldier, Millennium-Eyes Restrict, Relinquished Anima, Toon Kingdom, Toon Dark Magician, Toon Dark Magician Girl, Thousand-Eyes Restrict, Relinquished Fusion, Toon Bookmark, Toon Page-Flip, Toon Table of Contents, Toon Terror",,
Justice from Light,2022-01-19,174528,4848.0,"Judgment Dragon, Punishment Dragon, Curious, the Lightsworn Dominion, Charge of the Light Brigade, Michael, the Arch-Lightsworn, Ehren, Lightsworn Monk, Lyla, Lightsworn Sorceress, Minerva, the Exalted Lightsworn, Raiden, Hand of the Lightsworn, Lumina, Lightsworn Summoner, Lumina, Twilightsworn Shaman, Solar Recharge",,
Cyber City Guardians,2022-01-19,175419,7309.125,"Virtual World Kyubi - Shenshen, Virtual World Beast - Jiujiu, Virtual World Dragon - Longlong, Tindangle Acute Cerberus, Metaverse, Tindangle Hound, Virtual World Phoenix - Fanfan, Tindangle Dholes, Virtual World Hime - Nyannyan, Virtual World Mai-Hime - Lulu, Pseudo Space",,
Guardians of the Sacred Sky,2022-01-19,176492,4011.181818181818,"Master Hyperion, Apollousa, Bow of the Goddess, Apollousa, Bow of the Goddess, Celestial Knightlord Parshath, Ultimate Slayer, Solemn Judgment, Solemn Strike, Sacred Arch-Airknight Parshath, The Agent of Entropy - Uranus, Power Angel Valkyria, The Agent of Mystery - Earth, Cards from the Sky, Divine Punishment, Rebirth of Parshath, Solemn Warning, Titanocider",,
Prehistoric Beast Advance,2022-01-19,177515,4671.4473684210525,"Jurrac Meteor, Ultimate Conductor Tyranno, Souleating Oviraptor, Fossil Dig, Overtex Qoatlus, Beatraptor, Miscellaneousaurus, Babycerasaurus, Petiteranodon, Animadorned Archosaur, Jurrac Aeolo, Double Evolution Pill",,
Electrilyrical,2022-01-19,180033,5455.545454545455,"Batteryman Solar, Appliancer Celtopus, Appliancer Electrilyrical World, Batteryman Industrial Strength, Super-Electromagnetic Voltech Dragon, Batteryman 9-Volt, Appliancer Socketroll, Appliancer Test, Universal Adapter",,
Mischievous Specters,2022-01-19,182344,5698.25,"Ghostrick Angel of Mischief, Ghostrick Alucard, Ghostrick Dullahan, Ghostrick Fairy, Ghostrick Lantern, Ghostrick Mary, Scapeghost, Ghostrick Mansion, Ghostrick Break, Ghostrick Renovation",,
Transfigured Heroes,2022-01-19,182635,4936.081081081081,"Evil HERO Dark Gaia, Evil HERO Malicious Bane, Evil HERO Malicious Fiend, Masked HERO Dark Law, Super Polymerization, Masked HERO Acid, Masked HERO Blast, Elemental HERO Shadow Mist, Evil HERO Adusted Gold, Dark Calling, Dark Fusion, Evil Mind, Mask Change, Mask Change II",,
Denizens of Sacred Tree Grove,2022-01-19,186328,4333.209302325581,"Naturia Landoise, Naturia Barkion, Naturia Beast, Naturia Mole Cricket, Naturia Exterio, Naturia Gaiastrio, Naturia Bamboo Shoot, Naturia Cliff, Naturia Rosewhip, Naturia Sacred Tree",,
Valiant Gladiator Beasts,2022-01-19,186360,4659.0,"Gladiator Beast Domitianus, Gladiator Beast Heraklinos, Gladiator Beast Gyzarus, Test Panther, Gladiator Beast Nerokius, Gladiator Beast Vespasius, Gladiator Beast Bestiari, Gladiator Beast Equeste, Gladiator Beast Dragases, Gladiator Beast United, Gladiator Proving Ground, Gladiator Beast War Chariot",,
Monster Overdrive,2022-01-19,193886,4847.15,"Armed Dragon LV10 White, Armed Dragon Thunder LV10, Horus the Black Flame Dragon LV8, Silent Swordsman LV7, Armed Dragon LV10, Armed Dragon Thunder LV7, Dark Armed Dragon, Pile Armed Dragon, Horus the Black Flame Dragon LV6, Armed Dragon, the Armored Dragon, Silent Magician, Silent Swordsman",,
Glacial Seal,2022-01-19,194587,4864.675,"Trishula, Zero Dragon of the Ice Barrier, Trishula, Dragon of the Ice Barrier, Gungnir, Dragon of the Ice Barrier, Brionac, Dragon of the Ice Barrier, Dewloren, Tiger King of the Ice Barrier, General Raiho of the Ice Barrier, General Wayne of the Ice Barrier, Revealer of the Ice Barrier, Speaker for the Ice Barriers, Freezing Chains of the Ice Barrier, Medallion of the Ice Barrier, Terror of Trishula",,
The Cost of Dark Powers,2022-01-19,195029,4875.725,"Thought Ruler Archfiend, Zerrziel, Ruler of the Evil Eyed, Gorgon, Empress of the Evil Eyed, Masterking Archfiend, Medusa, Watcher of the Evil Eye, Serziel, Watcher of the Evil Eye, Archfiend Heiress, Evil Eye Domain - Pareidolia, Evil Eye Repose, Evil Eye of Gorgoneio, Evil Eye of Selene, Evil Eye Mesmerism",,
The Infinite Void,2022-01-19,196164,4904.1,"Infernity Doom Dragon, Void Ogre Dragon, Infernity Archfiend, Infernity Launcher, Infernity Doom Archfiend, Infernity Necromancer, Infernity Mirage, Infernity Pawn, Allure of Darkness, Into the Void, The Beginning of the End, ZERO-MAX, Infernity Barrier",,
Terra Firma Transcendants,2022-01-19,197738,4943.45,"Malefic Truth Dragon, Earthbound Immortal Aslla piscu, Earthbound Immortal Chacu Challhua, Malefic Paradigm Dragon, Earthbound Immortal Ccapac Apu, Earthbound Immortal Ccarayhua, Malefic Paradox Dragon, Hundred Eyes Dragon, Ascator, Dawnwalker, Supay, Duskwalker, Earthbound Geoglyph, Malefic Territory",,
Soaring on Darkest Wings,2022-01-19,197751,4943.775,"Assault Blackwing - Onimaru the Divine Thunder, Blackwing Full Armor Master, Assault Blackwing - Raikiri the Rain Shower, Blackwing - Nothung the Starlight, Blackwing - Zephyros the Elite, Black-Winged Dragon, Blackfeather Darkrage Dragon, Blackwing - Simoon the Poison Wind, Blackwing Armed Wing, Blackwing - Gram the Shining Star, Blackwing - Gale the Whirlwind, Blackwing - Vayu the Emblem of Honor, Black Whirlwind",,
Galaxy War,2022-01-19,197880,4947.0,"B.E.S. Blaster Cannon Core, Kozmo Dark Eclipser, Kozmo Farmgirl, B.E.F. Zelos, B.E.S. Big Core MK-3, Kozmo Dark Destroyer, Kozmo Sliprider, Vic Viper T301, Kozmo Tincan, Boss Rush, Kozmotown, Safe Zone",,
Deceitful Wings of Darkness,2022-01-19,200068,5884.35294117647,"The First Darklord, Darklord Superbia, Dark Honest, Forbidden Droplet, Darklord Morningstar, Darklord Ixchel, Darklord Nasten, Darklord Amdusc, Condemned Darklord, Banishment of the Darklords, Forbidden Lance, Darklord Rebellion",,
Forgotten City Dwellers,2022-01-19,200167,5004.175,"Mermail Abyssgaios, Abyss Dweller, Neptabyss, the Atlantean Prince, Mermail Abyssalacia, Mermail Abyssleed, Mermail Abyssmegalo, Mermail Abyssteus, Poseidra, the Atlantean Dragon, Atlantean Dragoons, Atlantean Marksman, Mermail Abyssgunde, Atlantean Heavy Infantry",,
Rites of the Mirrorworld,2022-01-19,201483,5037.075,"Nekroz of Sophia, Gishki Zielgigas, Nekroz of Areadbhair, Nekroz of Trishula, Evigishki Gustkraken, Nekroz of Brionac, Gishki Shadow, Nekroz of Unicore, Shurit, Strategist of the Nekroz, Gishki Vision, Nekroz Cycle, Nekroz Kaleidoscope",,
Roaring Thunder,2022-01-19,202758,5198.923076923077,"Thunder Dragon Titan, Thunder Dragon Colossus, Watthydra, Wattchimera, Thunder Dragonhawk, Thunder Dragonroar, Thunder Dragondark, Wattgiraffe, Thunder Dragonmatrix, Some Summer Summoner, Thunder Dragon Fusion, Wattrain",,
Scientific Analysis,2022-01-19,202836,5200.923076923077,"Imperion Magnum the Superconductive Battlebot, Water Dragon Cluster, Vola-Chemicritter Methydraco, Mathematician, Berserkion the Electromagna Warrior, Litmus Doom Swordsman, Duoterion, Delta The Magnet Warrior, Catalyst Field, Dimer Synthesis, Magnet Induction, Supervise",,
Bujin's Vault of Heaven,2022-01-19,202960,5637.777777777777,"Bujinki Amaterasu, Bujintei Kagutsuchi, Bujintei Susanowo, Bujintei Tsukuyomi, Bujin Arasuda, Bujin Mahitotsu, Bujin Mikazuchi, Bujin Torifune, Bujin Yamato, Bujingi Crane, Bujingi Quilin, Bujinki Ahashima",,
Pearlescent Cyber Dragons,2022-01-19,204651,5116.275,"Chimeratech Megafleet Dragon, Cyber End Dragon, Cyber Dragon Infinity, Cyber Dragon Sieger, Cyber Eternity Dragon, Cyberdarkness Dragon, Chimeratech Overdragon, Cyber Twin Dragon, Chimeratech Rampage Dragon, Cyberdark Cannon, Cyberdark Claw, Cyber Dragon Core, Cyber Emergency",,
Timeworn Legacies,2022-01-19,205834,5717.611111111111,"Number 6: Chronomaly Atlandis, Chronomaly Vimana, Number 33: Chronomaly Machu Mech, Rank-Up-Magic Argent Chaos Force, Number C6: Chronomaly Chaos Atlandis, Chronomaly Nebra Disk, Number 36: Chronomaly Chateau Huyuk, Chronomaly Crystal Chrononaut, Chronomaly Crystal Skull, Chronomaly Technology, Piri Reis Map, Marshalling Field",,
Scrap Iron Soldiers,2022-01-19,206125,5153.125,"Satellite Warrior, Junk Destroyer, Junk Archer, Junk Speeder, Junk Collector, Armory Arm, Junk Anchor, Junk Converter, Satellite Synchron, Tuningware, Junk Connector, Scrap-Iron Scarecrow",,
Pledge of Sword,2022-01-19,208622,4851.674418604651,"Arcana Triumph Joker, XX-Saber Gottoms, Royal Straight Slasher, M-X-Saber Invoker, Arcana Extra Joker, Gottoms' Emergency Call, Arcana Knight Joker, XX-Saber Faultroll, XX-Saber Hyunlei, X-Saber Wayne, XX-Saber Darksoul, Face Card Fusion, Joker's Straight, Joker's Wild",,
The Cerise in the Ebony,2022-01-19,209321,5233.025,"Red-Eyes Darkness Metal Dragon, Meteor Black Comet Dragon, Red-Eyes Black Dragon, Red-Eyes Slash Dragon, Archfiend Black Skull Dragon, Red-Eyes Black Flare Dragon, Red-Eyes Flare Metal Dragon, Hundred Dragon, Darkness Metal, the Dragon of Dark Steel, Inferno Fire Blast, Red-Eyes Fusion, Red-Eyes Insight",,
Gods of Abyss and Arcadia,2022-01-19,209541,6349.727272727273,"Ogdoabyss, the Ogdoadic Overlord, Hieratic Seal of the Heavenly Spheres, Hieratic Seal of Convocation, Ogdoadic Water Lily, Aron, the Ogdoadic King, Hieratic Sky Dragon Overlord of Heliopolis, Hieratic Sun Dragon Overlord of Heliopolis, Hieratic Dragon King of Atum, Nauya, the Ogdoadic Remnant, Nunu, the Ogdoadic Remnant, Hieratic Seal of Creation",,
Hand of Fate,2022-01-19,209670,5241.75,"Arcana Force EX - The Light Ruler, Flower Cardian Lightflare, Arcana Force XXI - The World, Flower Cardian Lightshower, Arcana Force EX - The Dark Ruler, Flower Cardian Boardefly, Flower Cardian Moonflowerviewing, Arcana Reading, Light Barrier, Super Koi Koi",,
Prank Panic!,2022-01-19,211317,5282.925,"Prank-Kids Battle Butler, Ojama King, Prank-Kids Rip-Roarin-Roaster, Diamond Duston, Ojama Knight, Prank-Kids Rocket Ride, Ojama Emperor, Prank-Kids Meow-Meow-Mu, Ojama Country, Ojamagic, Prank-Kids Place, Ojama Trio",,
Spiritual Mastery,2022-01-19,211676,5291.9,"Wynn the Wind Channeler, Awakening of the Possessed, Grand Spiritual Art - Ichirin, Spirit Charmers, Elemental Grace Doriado, Eda the Sun Magician, Aussa the Earth Charmer, Immovable, Eria the Water Charmer, Gentle, Hiita the Fire Charmer, Ablaze, Lyna the Light Charmer, Lustrous, Wynn the Wind Charmer, Verdant, Possessed Partnerships",,
Altered Heraldry,2022-01-19,212132,5303.3,"Number 69: Heraldry Crest, Number 8: Heraldic King Genom-Heritage, Advanced Heraldry Art, Rank-Up-Magic Argent Chaos Force, CXyz Skypalace Babylon, Skypalace Gangaridai, Norito the Moral Leader, Number C69: Heraldry Crest of Horror, Heraldic Beast Amphisbaena, Number 18: Heraldry Patriarch, Charged-Up Heraldry, Marshalling Field",,
Stardust Ties,2022-01-19,212519,5449.205128205128,"Cosmic Blazar Dragon, Shooting Quasar Dragon, Stardust Dragon, Tuning, Shooting Star Dragon, Stardust Warrior, Stardust Spark Dragon, Shooting Riser Dragon, Formula Synchron, Jet Synchron, Duel Link Dragon, the Duel Dragon, Starlight Road",,
Shifting Gears,2022-01-19,213030,5325.75,"Ancient Gear Reactor Dragon, Gear Gigant X, Geargiagear Gigant XG, Platinum Gadget, Ancient Gear Gadjiltron Dragon, Ancient Gear Hydra, Ancient Gear Gadget, Symphonic Warrior Guitaar, Torque Tune Gear, Geargia Change, Geargiagear, Powerhold the Moving Battery",,
Traditions of Trickery,2022-01-19,213731,5776.513513513513,"Gizmek Okami, the Dreaded Deluge Dragon, Gizmek Kaku, the Supreme Shining Sky Stag, Karakuri Super Shogun mdl 00N ""Bureibu"", Gizmek Orochi, the Serpentron Sky Slasher, Karakuri Steel Shogun mdl 00X ""Bureido"", Gizmek Uka, the Festive Fox of Fecundity, Karakuri Shogun mdl 00 ""Burei"", Karakuri Bonze mdl 9763 ""Kunamzan"", Karakuri Komachi mdl 224 ""Ninishi"", Karakuri Merchant mdl 177 ""Inashichi"", Karakuri Cash Cache, Sacred Scrolls of the Gizmek Legend",,
Ties to Mother Nature,2022-01-19,214530,5363.25,"Ritual Beast Ulti-Gaiapelio, Daigusto Eguls, Ritual Beast Ulti-Cannahawk, Daigusto Emeral, Daigusto Laplampilica, Daigusto Sphreez, Ritual Beast Ulti-Apelio, Daigusto Gulldos, Spiritual Beast Cannahawk, Daigusto Phoenix, Ritual Beast Ulti-Kimunfalcos, Ritual Beast Steeds, Ultimate Providence",,
Life Force Control System,2022-01-19,215653,5828.459459459459,"Infernoid Tierra, Apoqliphort Towers, Infernoid Onuncu, Apoqliphort Skybase, Infernoid Devyaty, Qliphort Disk, Qliphort Scout, Qliphort Genius, Into the Void, Void Apocalypse, Void Imagination, Void Vanishment",,
Warriors Unite!,2022-01-19,216507,5412.675,"War Rock Bashileos, War Rock Meteoragon, Amazoness Swords Woman, Amazoness Princess, Amazoness Empress, Amazoness Pet Liger, War Rock Fortia, War Rock Wento, Amazoness Call, Amazoness Village, War Rock Dignity, War Rock Mountain",,
Onomatopair-Up,2022-01-19,217870,5446.75,"Gagaga Cowboy, Gagagaga Magician, Utopic Onomatopoeia, Onomatopaira, Gagaga Magician, Gogogo Giant, Number 55: Gogogo Goliath, Zubaba General, Gagaga Sister, Gagaga Academy Emergency Network, Onomatopia, Onomatopickup",,
Secret Fighters,2022-01-19,219600,6654.545454545455,"Super Quantal Mech King Great Magnus, Super Quantum Red Layer, SPYRAL Super Agent, SPYRAL Double Helix, SPYRAL Sleeper, SPYRAL Master Plan, Super Quantal Mech Beast Lusterrex, Super Quantal Mech Beast Magnaliger, SPYRAL GEAR - Drone, SPYRAL Quik-Fix, Neo Super Quantal Mech King Blaster Magna, SPYRAL Resort",,
Emerging Monstrosity Recon!,2022-01-19,220187,7102.806451612903,"Danger! Bigfoot!, Dogoran, the Mad Flame Kaiju, Interrupted Kaiju Slumber, Super Anti-Kaiju War Machine Mecha-Thunder-King, Gameciel, the Sea Turtle Kaiju, Danger! Nessie!, Kumongous, the Sticky String Kaiju, Pendransaction, Danger!? Jackalope?, Danger!? Tsuchinoko?",,
Destiny's Sorceress,2022-01-19,220438,5510.95,"Earthbound Immortal Aslla piscu, Prediction Princess Tarotrei, Fortune Lady Every, Fortune Lady Calling, Fortune Lady Water, Prediction Princess Coinorma, Fortune Fairy Hikari, Fortune Lady Light, Fortune Vision, Future Visions, Miracle Stone, The Transmigration Prophecy",,
Shark's Pride,2022-01-19,220677,5516.925,"Valiant Shark Lancer, Bahamut Shark, Rank-Up-Magic - The Seventh One, Rank-Up-Magic Quick Chaos, Number C73: Abyss Supra Splash, Number 73: Abyss Splash, Full Armored Black Ray Lancer, Number 32: Shark Drake, Number 37: Hope Woven Dragon Spider Shark, Number C32: Shark Drake Veiss, Number 17: Leviathan Dragon, Number 47: Nightmare Shark, Number 71: Rebarian Shark",,
A Song of Zephyr and Petals,2022-01-19,220780,6308.0,"Windwitch - Diamond Bell, Bloom Diva the Melodious Choir, Windwitch - Ice Bell, Ostinato, Bloom Prima the Melodious Choir, Windwitch - Winter Bell, Windwitch - Glass Bell, Bloom Harmonist the Melodious Composer, 1st Movement Solo, Windwitch Chimes",,
Dragon Knight Gorge,2022-01-19,221367,5534.175,"Dragunity Arma Gram, Dragunity Knight - Areadbhair, Dragunity Knight - Ascalon, Dragon Ravine, Dragunity Knight - Gormfaobhar, Dragunity Knight - Gae Dearg, Dragunity Knight - Vajrayana, Dragunity Legatus, Dragunity Remus, Dragunity Divine Lance, Dragunity Whirlwind, Ice Dragon's Prison",,
Guardians of Fire,2022-01-19,221552,5830.315789473684,"Brotherhood of the Fire Fist - Cardinal, Brotherhood of the Fire Fist - Tiger King, Brotherhood of the Fire Fist - Rooster, Brotherhood of the Fire Fist - Eagle, Brotherhood of the Fire Fist - Swan, Brotherhood of the Fire Fist - Eland, Brotherhood of the Fire Fist - Horse Prince, Brotherhood of the Fire Fist - Bear, Brotherhood of the Fire Fist - Spirit, Brotherhood of the Fire Fist - Peacock, Fire Formation - Tenki, Fire Formation - Yoko",,
Knowledge of the Mythlords,2022-01-19,224202,5605.05,"Mythical Beast Master Cerberus, Endymion, the Mighty Master of Magic, Mythical Beast Jackal King, Selene, Queen of the Master Magicians, Reflection of Endymion, Endymion, the Master Magician, Servant of Endymion, Day-Breaker the Shining Magical Warrior, Artemis, the Magistus Moon Maiden, Endymion's Lab, Magical Citadel of Endymion, Spell Power Mastery",,
Exquisite Jet-Black Rose,2022-01-19,225500,5637.5,"Ruddy Rose Dragon, Black Rose Dragon, Black Rose Moonlight Dragon, Crossrose Dragon, Queen Angel of Roses, Garden Rose Flora, Garden Rose Maiden, Rose Lover, Basal Rose Shoot, Black Garden, Frozen Rose, Rose Bell of Revelation",,
Fiendish Encounter,2022-01-19,230722,6408.944444444444,"Beatrice, Lady of the Eternal, Dante, Traveler of the Burning Abyss, Cherubini, Ebon Angel of the Burning Abyss, Magical Musketeer Max, Dante, Pilgrim of the Burning Abyss, Magical Musket Mastermind Zakiel, Magical Musketeer Starfire, Farfa, Malebranche of the Burning Abyss, Graff, Malebranche of the Burning Abyss, Magical Musketeer Caspar, Scarm, Malebranche of the Burning Abyss, Magical Musket - Cross-Domination",,
Magnificence of Angels,2022-01-19,232317,6113.605263157895,"Valkyrie Sigrun, Archlord Kristya, Honest, Ride of the Valkyries, Splendid Venus, Valkyrie Erda, Athena, Hecatrice, Valkyrie Dritte, Valkyrie Sechste, Mischief of the Time Goddess, Valhalla, Hall of the Fallen, Angel Statue - Azurune",,
Nebula Cyclone,2022-01-19,232854,5821.35,"Galaxy-Eyes Full Armor Photon Dragon, Number 38: Hope Harbinger Dragon Titanic Galaxy, Number 62: Galaxy-Eyes Prime Photon Dragon, Number 90: Galaxy-Eyes Photon Lord, Galaxy-Eyes Solflare Dragon, Galaxy-Eyes Afterglow Dragon, Galaxy-Eyes Photon Dragon, Neo Galaxy-Eyes Photon Dragon, Galaxy Soldier, Galaxy Wizard, Photon Orbital, Starliege Photon Blast Dragon, Photon Sanctuary",,
Supernatural Elements,2022-01-19,233676,5841.9,"Ehther the Heavenly Monarch, Erebus the Underworld Monarch, Domain of the True Monarchs, Palace of the Elemental Lords, Caius the Mega Monarch, Grandsoil the Elemental Lord, Moulinglacia the Elemental Lord, Zaborg the Mega Monarch, Elementsaber Lapauila Mana, Pantheism of the Monarchs, Tenacity of the Monarchs, The Monarchs Stormforth",,
Futuristic Creatures,2022-01-19,234108,6002.7692307692305,"T.G. Glaive Blaster, T.G. Halberd Cannon/Assault Mode, Shooting Star Dragon T.G. EX, T.G. Hyper Librarian, T.G. Rocket Salamander, T.G. Halberd Cannon, T.G. Blade Blaster, T.G. Over Dragonar, T.G. Wonder Magician, T.G. Warwolf, T.G. Mighty Striker, T.G. Striker, T.G. Trident Launcher, T.G. Limiter Removal, T.G. Close",,
Colossal Mech,2022-01-19,234896,5872.4,"Number 15: Gimmick Puppet Giant Grinder, Number 88: Gimmick Puppet of Leo, Gimmick Puppet Chimera Doll, Rank-Up-Magic Argent Chaos Force, Number 9: Dyson Sphere, Number C15: Gimmick Puppet Giant Hunter, Number C40: Gimmick Puppet of Dark Strings, Number C88: Gimmick Puppet Disaster Leo, Gimmick Puppet Bisque Doll, Number 40: Gimmick Puppet of Strings, Gimmick Puppet Gigantes Doll, Amphibious Swarmship Amblowhale, Marshalling Field",,
Celestial Dragon and Bear,2022-01-19,234994,7833.133333333333,"Drytron Meteonis Draconids, Ursarctic Septentrion, Drytron Mu Beta Fafnir, Meteonis Drytron, Drytron Meteonis Quadrantids, Ursarctic Grand Chariot, Ursarctic Mikpolar, Drytron Alpha Thuban, Ursarctic Polari, Sacred Sword of Seven Stars, Ursarctic Departure",,
Pyroxene Relinquished,2022-01-19,235015,6026.025641025641,"Gem-Knight Lady Brilliant Diamond, Gem-Knight Master Diamond, Adamancipator Risen - Dragite, Brilliant Fusion, Gem-Knight Citrine, Gem-Knight Prismaura, Adamancipator Risen - Leonite, Adamancipator Risen - Raptite, Gem-Knight Seraphinite, Adamancipator Researcher, Gem-Knight Phantom Quartz, Adamancipator Signs",,
Vessels of Freedom,2022-01-19,236559,7392.46875,"Rafale, Champion Fur Hire, Folgo, Justice Fur Hire, Blackbeard, the Plunder Patroll Captain, Plunder Patroll Shipyarrrd, Plunder Patrollship Brann, Plunder Patrollship Lys, Wiz, Sage Fur Hire, Dyna, Hero Fur Hire, Plunder Patrollship Moerk, Beat, Bladesman Fur Hire",,
Darkest Magics,2022-01-19,237116,5645.619047619048,"Dark Magician the Knight of Dragon Magic, The Dark Magicians, Dark Magician, Palladium Oracle Mahad, Magicians' Souls, Soul Servant, Dark Cavalry, Dark Magician the Dragon Knight, Apprentice Illusion Magician, Dark Magician Girl, Dark Magical Circle, Magician's Salvation, Piercing the Darkness, The Eye of Timaeus, Destined Rivals",,
Impending Assassination,2022-01-19,237445,5936.125,"Meklord Astro Mekanikle, Meklord Astro Dragon Triskelion, Sandaion, the Timelord, Sephylon, the Ultimate Timelord, Timelord Progenitor Vorpgate, Meklord Emperor Granel, Meklord Emperor Skiel, Meklord Emperor Wisel, Meklord Emperor Wisel - Synchro Absorption, Meklord Nucleus Infinity Core, Time Maiden, Meklord Fortress",,
Moonlit Avian Dance,2022-01-19,237625,6988.970588235294,"Lunalight Leo Dancer, Lunalight Sabre Dancer, Lyrilusc - Ensemblue Robin, Lyrilusc - Recital Starling, Lunalight Panther Dancer, Lunalight Tiger, Lyrilusc - Assembled Nightingale, Lyrilusc - Celestine Wagtail, Lyrilusc - Independent Nightingale, Lyrilusc - Promenade Thrush, Lunalight Fusion, Lyrilusc - Bird Call",,
Immovable Samurai,2022-01-19,240323,6008.075,"Superheavy Samurai Steam Train King, Superheavy Samurai Warlord Susanowo, Superheavy Samurai Beast Kyubi, Superheavy Samurai Swordmaster Musashi, Superheavy Samurai Big Benkei, Superheavy Samurai Stealth Ninja, Superheavy Samurai Ogre Shutendoji, Superheavy Samurai Wagon, Superheavy Samurai Battleball, Superheavy Samurai Scarecrow, Superheavy Samurai Ninja Sarutobi, Superheavy Samurai Scales",,
Shrouded Heroes,2022-01-19,241111,5740.738095238095,"Destiny HERO - Dominance, Destiny HERO - Destroyer Phoenix Enforcer, Destiny HERO - Plasma, Vision HERO Trinity, Vision HERO Faris, Vision HERO Vyon, Destiny End Dragoon, Destiny HERO - Dogma, Destiny HERO - Dystopia, Vision HERO Adoration, Destiny HERO - Dangerous, Destiny HERO - Malicious, Xtra HERO Cross Crusader, D - Force, Destiny Draw, Break the Destiny",,
Life Finds a Way,2022-01-19,241713,6042.825,"Myutant Ultimus, Myutant Synthesis, Evolzar Dolkka, Evolzar Laggia, Myutant Arsenal, Myutant Beast, Evolzar Solda, Evolsaur Cerato, Myutant M-05, Evo-Diversity, Evo-Force, Evo-Singularity",,
Fiendish Playthings,2022-01-19,242812,6225.948717948718,"Frightfur Chimera, Frightfur Kraken, Frightfur Bear, Frightfur Tiger, Dangerous Frightfur Nightmary, Frightfur Cruel Whale, Frightfur Daredevil, Frightfur Sabre-Tooth, Frightfur Leo, Frightfur Wolf, Frightfur Fusion, Frightfur Patchwork",,
Advanced Warriors,2022-01-19,243561,6089.025,"Dinoster Power, the Mighty Dracoslayer, Ignister Prominence, the Blasting Dracoslayer, Master Peace, the True Dracoslayer, Majester Paladin, the Ascending Dracoslayer, Amorphage Goliath, Amorphactor Pain, the Imagination Dracoverlord, Igknight Champion, Dinomist Rex, Luster Pendulum, the Dracoslayer, Draco Face-Off, Igknights Unite, Dinomists Howling",,
Rulers of the Deep,2022-01-19,245663,6141.575,"White Aura Bihamut, Deep Sea Prima Donna, Superancient Deepsea King Coelacanth, The Legendary Fisherman III, White Aura Whale, Citadel Whale, Deep Sea Repetiteur, Deep Sea Diva, Beautunaful Princess, Deep Sea Aria, Fury of Kairyu-Shin, White Howling",,
Abyssal Underworld,2022-01-19,245680,6142.0,"Doomking Balerdroch, Uni-Zombie, Avendread Savior, Zombie World, Revendread Executor, Vendread Battlelord, Vendread Chimera, Necroworld Banshee, Glow-Up Bloom, King of the Skull Servants, Wightbaking, Zombie Necronize",,
AI Omniscience,2022-01-19,245735,7679.21875,"Light Dragon @Ignister, The Arrival Cyberse @Ignister, Dark Templar @Ignister, Wind Pegasus @Ignister, Fire Phoenix @Ignister, Dark Infant @Ignister, Linguriboh, A.I. Meet You, Ignister A.I.Land, A.I.'s Show",,
Roused from Destruction,2022-01-19,247660,6191.5,"Fire King High Avatar Garunix, Unchained Abomination, Nephthys, the Sacred Flame, Onslaught of the Fire Kings, Abominable Unchained Soul, Cerulean Sacred Phoenix of Nephthys, Unchained Soul of Disaster, Fire King Avatar Yaksha, Conductor of Nephthys, Unchained Soul of Anguish, Unchained Soul of Rage, Circle of the Fire Kings",,
Insect Metamorphosis,2022-01-19,251163,6125.926829268293,"Inzektor Exa-Beetle, Digital Bug Registrider, Inzektor Dragonfly, Cocoon of Ultra Evolution, Battlewasp - Ballista the Armageddon, Battlewasp - Hama the Conquering Bow, Metamorphosed Insect Queen, Inzektor Giga-Mantis, Inzektor Hornet, Seraphim Papillion, Inzektor Picofalena, Zektrike Kou-ou, Inzektor Sword - Zektkaliber",,
Blazing Warriors,2022-01-19,251649,5592.2,"Number C105: Battlin' Boxer Comet Cestus, Heroic Champion - Claivesolish, Heroic Champion - Excalibur, Heroic Call, Heroic Envoy, Rank-Up-Magic - The Seventh One, Heroic Challenger - Morning Star, Battlin' Boxer Lead Yoke, Heroic Challenger - Assault Halberd, Heroic Challenger - Thousand Blades, Heroic Champion - Gandiva, Heroic Champion - Kusanagi, Number 105: Battlin' Boxer Star Cestus, Number 79: Battlin' Boxer Nova Kaiser, Stoic Challenge",,
Captivating Curtain Call,2022-01-19,252275,6306.875,"Performapal Sky Magician, Performapal Sleight Hand Magician, Performapal Pendulum Sorcerer, Performapal Gatlinghoul, Performapal Odd-Eyes Metal Claw, Performapal King Bear, Performapal Skullcrobat Joker, Performapal Longphone Bull, Performapal Kuribohble, Performapal Dramatic Theater",,
Champions of Salvation,2022-01-19,252567,5612.6,"Constellar Ptolemy M7, Constellar Pleiades, Stellarknight Constellar Diamond, Tellarknight Constellar Caduceus, Stellarknight Triverr, Tellarknight Ptolemaeus, Constellar Tellarknights, Tellarknight Lyran, Constellar Caduceus, Constellar Omega, Constellar Sombre, Darktellarknight Batlamyus, Satellarknight Deneb, Stellarknight Delteros, Satellarknight Skybridge, Stellarnova Alpha",,
Counterswing Mages,2022-01-19,252931,6323.275,"Supreme King Z-ARC, Odd-Eyes Pendulum Dragon, Astrograph Sorcerer, Performapal Celestial Magician, Timestar Magician, Rune-Eyes Pendulum Dragon, Chronograph Sorcerer, Black Fang Magician, Double Iris Magician, Wisdom-Eye Magician, Purple Poison Magician, White Wing Magician, Duelist Alliance, Pendulum Call",,
Number Recall,2022-01-19,253813,6508.025641025641,"Number iC1000: Numerounius Numerounia, Number C1000: Numerounius, Astral Kuriboh, Number 100: Numeron Dragon, Numbers Eveil, Numeron Network, Number 99: Utopic Dragon, Number 68: Sanaphond the Sky Prison, Number 11: Big Eye, Number 41: Bagooska the Terribly Tired Tapir, Number 60: Dugares the Timeless, Number C1: Numeron Chaos Gate Sunya, Numeron Wall, Rank-Up-Magic Astral Force",,
Tournament Athletes,2022-01-19,254055,6866.351351351352,"U.A. Player Manager, U.A. Playmaker, F.A. Dawn Dragster, F.A. Shining Star GT, F.A. Motorhome Transport, F.A. Dark Dragster, U.A. Libero Spiker, U.A. Midfielder, F.A. Auto Navigator, U.A. Hyper Stadium, U.A. Locker Room",,
Miraculous Advent,2022-01-19,255169,6379.225,"Herald of Ultimateness, Demise, Supreme King of Armageddon, Ruin, Supreme Queen of Oblivion, Sauravis, the Ancient and Ascended, Diviner of the Herald, Crealtar, the Impcantation Originator, Megalith Aratron, Impcantation Chalislime, Herald of Perfection, Saffira, Queen of Dragons, Herald of the Arc Light, Advanced Ritual Art, Pre-Preparation of Rites, Preparation of Rites",,
Champions of Hope,2022-01-19,255781,6394.525,"Number 99: Utopia Dragonar, Number S39: Utopia the Lightning, Ultimate Dragonic Utopia Ray, Number 39: Utopia, Number F0: Utopic Draco Future, Zexal Construction, ZW - Dragonic Halberd, Number 39: Utopia Double, ZS - Utopic Sage, Number F0: Utopic Future, Number F0: Utopic Future Slash, Hyper Rank-Up-Magic Utopiforce, Rank-Up-Magic Zexal Force, Xyz Change Tactics, Halfway to Forever",,
Invulnerable Iron Wings,2022-01-19,256151,6403.775,"Raidraptor - Final Fortress Falcon, Raidraptor - Ultimate Falcon, Raidraptor - Arsenal Falcon, Raidraptor - Revolution Falcon - Air Raid, Raidraptor - Wise Strix, Raidraptor - Satellite Cannon Falcon, Raidraptor - Revolution Falcon, Raidraptor - Stranger Falcon, Raider's Knight, Raidraptor - Force Strix, Raidraptor - Tribute Lanius, Phantom Knights' Rank-Up-Magic Force, Raidraptor - Call, Raidraptor's Phantom Knights Claw",,
Warp-Speed Toys,2022-01-19,256446,6411.15,"Crystal Wing Synchro Dragon, Clear Wing Fast Dragon, Clear Wing Synchro Dragon, Hi-Speedroid Chanbara, Hi-Speedroid Kitedrake, Hi-Speedroid Hagoita, Hi-Speedroid Puzzle, Speedroid CarTurbo, Speedroid Terrortop, Hi-Speedroid Rubber Band Shooter, Speed Recovery, Speedlift",,
Blooming in Adversity,2022-01-19,258161,6454.025,"Teardrop the Rikka Queen, Aromaseraphy Sweet Marjoram, Rikka Queen Strenna, Aromaseraphy Jasmine, Tytannial, Princess of Camellias, Mudan the Rikka Fairy, Aromaseraphy Rosemary, Staysailor Romarin, Lonefire Blossom, Aromage Jasmine, Aroma Gardening, Rikka Glamour",,
Draconic Resplendence,2022-01-19,258772,6469.3,"Odd-Eyes Revolution Dragon, All-Eyes Phantom Dragon, Odd-Eyes Arc Pendulum Dragon, Odd-Eyes Pendulum Dragon, Sky Iris, Odd-Eyes Venom Dragon, Odd-Eyes Phantasma Dragon, Rune-Eyes Pendulum Dragon, Odd-Eyes Phantom Dragon, Odd-Eyes Raging Dragon, Performapal Skullcrobat Joker, Odd-Eyes Fusion, Spiral Flame Strike",,
Dragon Spirit,2022-01-19,259052,6476.3,"Chaofeng, Phantom of the Yang Zing, Draco Berserker of the Tenyi, Denglong, First of the Yang Zing, Draco Masters of the Tenyi, Baxia, Brightness of the Yang Zing, Yazi, Evil of the Yang Zing, Jiaotu, Darkness of the Yang Zing, Tenyi Spirit - Sahasrara, Shaman of the Tenyi, Vessel for the Dragon Cycle, Nine Pillars of Yang Zing, Waterfall of Dragon Souls",,
Enchanted Threads of Shade,2022-01-19,260092,6192.666666666667,"Zefraath, El Shaddoll Construct, El Shaddoll Construct, El Shaddoll Apkallone, El Shaddoll Winda, El Shaddoll Winda, Zefra Metaltron, El Shaddoll Shekhinaga, El Shaddoll Grysta, Reeshaddoll Wendi, El Shaddoll Fusion, Oracle of Zefra, Shaddoll Fusion, Zefra Providence, Shaddoll Schism, Zefra Divine Strike",,
Piercing Winds,2022-01-19,260175,6194.642857142857,"Mayosenju Daibak, Mist Valley Apex Avian, Simorgh, Bird of Sovereignty, Simorgh Onslaught, Mayosenju Hitot, Simorgh of Darkness, Simorgh, Lord of the Storm, Dark Simorgh, Simorgh, Bird of Bringing, Divine Wind of Mist Valley, Yosenju Oroshi Channeling, Yosenjus' Secret Move",,
Immortal Royalty,2022-01-19,260238,6347.268292682927,"Eldlich the Golden Lord, Eldlich the Golden Lord, Eldlich the Mad Golden Lord, Vampire Voivode, Dhampir Vampire Sheridan, Crimson Knight Vampire Bram, Vampire Fraulein, Vampire Sucker, Cursed Eldland, Eldlixir of Black Awakening, Eldlixir of Scarlet Sanguine, Golden Land Forever!, Vampire Awakening, Vampire Domination",,
Cosmic Mechanical Entities,2022-01-19,260259,6848.921052631579,"Knightmare Gryphon, Knightmare Unicorn, Knightmare Unicorn, Mekk-Knight Spectrum Supreme, X-Krawler Qualiark, Mekk-Knight Purple Nightfall, Mekk-Knight Blue Sky, Knightmare Corruptor Iblee, Knightmare Cerberus, Knightmare Phoenix, Mekk-Knight of the Morning Star, X-Krawler Neurogos, X-Krawler Synaphysis",,
Dreadnought Advance,2022-01-19,262163,6554.075,"Superdreadnought Rail Cannon Juggernaut Liebe, Number 81: Superdreadnought Rail Cannon Super Dora, Superdreadnought Rail Cannon Gustav Max, Infinitrack Fortress Megaclops, Night Express Knight, Infinitrack Earth Slicer, Infinitrack River Stormer, Flying Pegasus Railroad Stampede, Number 27: Dreadnought Dreadnoid, Revolving Switchyard, Urgent Schedule, Barrage Blast",,
Legends of Old,2022-01-19,262747,7298.527777777777,"Ancient Warriors - Rebellious Lu Feng, Fairy Tail - Luna, Fairy Tail - Snow, Ancient Warriors Oath - Double Dragon Lords, Golden Castle of Stromberg, Ancient Warriors - Ambitious Cao De, Ancient Warriors - Masterful Sun Mou, Ancient Warriors - Virtuous Liu Xuan, Fairy Tail - Rella, Fairy Tail - Rochka, Fairy Tail - Sleeper, Glife the Phantom Bird, Iron Knight",,
Forest Friends,2022-01-19,263864,5863.644444444444,"Rescue Cat, Rescue Rabbit, Joyous Melffys, Melffy of the Forest, Green Baboon, Defender of the Forest, Aloof Lupine, Diamond Dire Wolf, Kittytail, Mystical Beast of the Forest, Melffy Wally, Kalantosa, Mystical Beast of the Forest, Melffy Mommy, Valerifawn, Mystical Beast of the Forest, Melffy Staring Contest, Ayers Rock Sunrise, Closed Forest",,
Natural Selection,2022-01-19,264221,6605.525,"Crimson Nova Trinity the Dark Cubic Lord, Crimson Nova the Dark Cubic Lord, Predaplant Chimerafflesia, Predaplant Verte Anaconda, Greedy Venom Fusion Dragon, Predaplant Triphyoverutum, Predaplant Dragostapelia, Starving Venom Fusion Dragon, Duza the Meteor Cubic Vessel, Predaplant Ophrys Scorpio, Cubic Dharma, Cubic Karma",,
Guided by the Noble Blade,2022-01-19,265779,6644.475,"Infernoble Knight Emperor Charles, Ignoble Knight of High Laundsallyn, Sacred Noble Knight of King Artorigus, Sacred Noble Knight of King Custennin, Isolde, Two Tales of the Noble Knights, Infernoble Knight Captain Oliver, Artorigus, King of the Noble Knights, Infernoble Knight Ogier, Noble Knight Borz, Noble Knight Drystan, Noble Knight Medraut, Morgan, the Enchantress of Avalon, Infernoble Knight - Renaud, Heritage of the Chalice",,
Fires of This World and The Next,2022-01-19,268172,6704.3,"Shiranui Sunsaga, Yoko, the Graceful Mayakashi, Yuki-Onna, the Absolute Zero Mayakashi, Shiranui Skillsaga Supremacy, Gashadokuro, the Skeletal Mayakashi, Gozuki, Mezuki, Shutendoji, Dakki, the Graceful Mayakashi, Hajun, the Winged Mayakashi, Yuki-Onna, the Ice Mayakashi, Mayakashi Return",,
Those who Stand Against Kings,2022-01-19,270275,6592.073170731707,"Crystron Quariongandrax, Zoodiac Drident, Heavymetalfoes Electrumite, Zoodiac Barrage, Metalfoes Vanisher, Crystron Phoenix, Parametalfoes Azortless, Crystron Sulfefnir, Zoodiac Ratpier, Zoodiac Thoroughblade, Crystron Citree, Fullmetalfoes Alkahest, Metalfoes Fusion",,
Mother Nature's Snare,2022-01-19,274051,6090.022222222222,"Traptrix Pinguicula, Traptrix Allomerus, Traptrix Rafflesia, Traptrix Atypus, Traptrix Cularia, Traptrix Sera, Traptantalizing Tune, Trap Tracks, Traptrix Pudica, Traptrix Genlisea, Traptrix Myrmeleo, Traptrix Vesiculo, Traptrip Garden, Boogie Trap, Banishing Trap Hole, Terrifying Trap Hole Nightmare, Traptrix Holeutea, Chain Hole, Gravedigger's Trap Hole, Trap Trick",,
Seedling Soul Fey,2022-01-19,275240,6713.170731707317,"Alsei, the Sylvan High Protector, Sunavalon Dryatrentiay, Sunavalon Melias, Sylvan Dancepione, Sylvan Charity, Orea, the Sylvan High Arbiter, Meliae of the Trees, Sylvan Princessprite, Benghalancer the Resurgent, Sunavalon Dryanome, Sunavalon Daphne, Sunvine Thrasher, Mount Sylvania",,
Primordial Rising,2022-01-19,276086,6902.15,"Triamid Sphinx, Fossil Warrior Skull King, Paleozoic Cambroraster, Fossil Fusion, Fossil Dragon Skullgios, Fossil Machine Skull Convoy, Fossil Warrior Skull Knight, Fossil Dyna Pachycephalo, Doki Doki, Paleozoic Anomalocaris, Paleozoic Opabinia, Time Stream",,
The Darkness Amuses,2022-01-19,279413,6985.325,"Abyss Actor - Evil Heel, Abyss Actor - Superstar, Abyss Actor - Mellow Madonna, Amazement Administrator Arlekino, Abyss Actor - Leading Lady, Abyss Actor - Wild Hope, Amazement Attendant Comica, Abyss Actor - Hyper Director, Abyss Playhouse - Fantastic Theater, Abyss Script - Rise of the Abyss King, Amazing Time Ticket, Amaze Attraction Cyclo-Coaster",,
Sword of the Seventh One,2022-01-19,279958,5832.458333333333,"Number C107: Neo Galaxy-Eyes Tachyon Dragon, Number 107: Galaxy-Eyes Tachyon Dragon, Number C101: Silent Honor DARK, Number 101: Silent Honor ARK, Barian Untopia, Barian's Chaos Draw, Seventh Ascension, Rank-Up-Magic - The Seventh One, CXyz Barian Hope, Number C103: Ragnafinity, Number C106: Giant Red Hand, Number 103: Ragnazero, Number 106: Giant Hand, Thunder Hand, Contract with Don Thousand, Rank-Up-Magic Admiration of the Thousands, Rank-Up-Magic Barian's Force",,
Indomitable Knights,2022-01-19,281007,6690.642857142857,"Odd-Eyes Rebellion Xyz Dragon, Odd-Eyes Rebellion Dragon Overlord, Odd-Eyes Pendulum Dragon, Arc Rebellion Xyz Dragon, Dark Requiem Xyz Dragon, Dark Rebellion Xyz Dragon, The Phantom Knights of Rusty Bardiche, Supreme King Dragon Starving Venom, Raider's Knight, The Phantom Knights of Ancient Cloak, The Phantom Knights of Break Sword, The Phantom Knights of Silent Boots, Phantom Knights' Rank-Up-Magic Force, Raidraptor's Phantom Knights Claw, The Phantom Knights of Shade Brigandine",,
Interdimensional Interlopers,2022-01-19,281613,7040.325,"Archnemeses Protos, Metaphys Executor, Oneiros, the Dream Mirror Erlking, Oneiros, the Dream Mirror Tormentor, Dream Mirror Hypnagogia, Archnemeses Eschatos, Metaphys Horus, Metaphys Ragnarok, Ikelos, the Dream Mirror Mara, Ikelos, the Dream Mirror Sprite, Asymmetaphys, Dream Mirror of Joy, Dream Mirror of Terror",,
Soldiers from the Storm,2022-01-19,283142,7078.55,"Cyberse Clock Dragon, Accesscode Talker, Firewall Dragon, Cynet Mining, Cyberse Quantum Dragon, Lady Debug, Micro Coder, Firewall Dragon Darkfluid, Decode Talker Extended, Excode Talker, Transcode Talker, Code Talker Inverted, Cynet Codec",,
Three-Strike Success,2022-01-19,284797,7119.925,"Dinowrestler Pankratops, Dinowrestler King T Wrextle, Gouki The Great Ogre, Gouki Re-Match, Dinowrestler Chimera T Wrextle, Dinowrestler Giga Spinosavate, Gouki The Giant Ogre, Gouki The Master Ogre, Gouki The Powerload Ogre, Gouki The Blade Ogre, Gouki Thunder Ogre, Gouki Jet Ogre",,
Essence of Flora and Ocean,2022-01-19,286295,7157.375,"Trickstar Candina, Trickstar Holly Angel, Trickstar Light Stage, Trickstar Reincarnation, Trickstar Corobane, Marincess Blue Tang, Marincess Pascalus, Trickstar Lycoris, Marincess Great Bubble Reef, Marincess Wonder Heart, Trickstar Foxglove Witch, Marincess Coral Anemone",,
Star-Studded Futures,2022-01-19,287045,7176.125,"Dingirsu, the Orcust of the Evening Star, Girsu, the Orcust Mekk-Knight, Mekk-Knight Crusadia Avramax, World Gears of Theurlogical Demiurgy, Avida, Rebuilder of Worlds, Crusadia Equimax, Longirsu, the Orcust Orchestrator, Galatea, the Orcust Automaton, Lib the World Key Blademaster, Crusadia Magius, World Legacy Monstrosity, Orcust Crescendo",,
Rulers of Darkness,2022-01-19,288335,5339.537037037037,"Grapha, Dragon Overlord of Dark World, Reign-Beaux, Overking of Dark World, Darkest Diabolos, Lord of the Lair, Grapha, Dragon Lord of Dark World, Lilith, Lady of Lament, The Gates of Dark World, Clorless, Chaos King of Dark World, Genta, Gateman of Dark World, Ahrima, the Wicked Warden, Snoww, Unlight of Dark World, Alice, Lady of Lament, Loris, Lady of Lament, Dark Corridor, Dark World Archives, Dark World Dealings, Lair of Darkness, Dark World Punishment, Deck Devastation Virus, Eradicator Epidemic Virus, Full Force Virus, Grinning Grave Virus",,
Blazing Fortitude,2022-01-19,290304,7257.6,"Salamangreat Pyro Phoenix, Salamangreat Heatleo, Salamangreat Sunlight Wolf, Salamangreat Almiraj, Salamangreat Violet Chimera, Salamangreat Blaze Dragon, Salamangreat Gazelle, Salamangreat Miragestallio, Salamangreat Spinny, Salamangreat Balelynx, Salamangreat Circle, Salamangreat Sanctuary, Salamangreat Roar",,
Beloved Dolls,2022-01-19,292262,6353.521739130435,"Number 22: Zombiestein, Madolche Queen Tiarafraise, Madolche Puddingcess Chocolat-a-la-Mode, Madolche Queen Tiaramisu, Madolche Teacher Glassouffle, Toy Box, Madolche Puddingcess, Toy Soldier, Toy Tank, Madolche Anjelly, Madolche Magileine, Madolche Messengelato, Madolche Petingcessoeur, Princess Cologne, Madolche Hootcake, Madolche Mini Meowcaroons, Doll Happiness",,
Dragon Luster,2022-01-19,293636,7340.9,"Dragonmaid Sheou, House Dragonmaid, Chaos Dragon Levianeer, Starry Night, Starry Dragon, Fantastical Dragon Phantazmay, Chamber Dragonmaid, Keeper of Dragon Magic, Starry Knight Rayel, Kitchen Dragonmaid, Dragonmaid Hospitality, Return of the Dragon Lords, Starry Knight Balefire",,
Singular Strike Overthrow,2022-01-19,294635,7365.875,"Geomathmech Final Sigma, Surgical Striker - H.A.M.P., Mathmech Circular, Primathmech Alembertian, Sky Striker Ace - Kagari, Sky Striker Ace - Kagari, Sky Striker Mobilize - Engage!, Sky Striker Mobilize - Linkage!, Sky Striker Mobilize - Engage!, Geomathmech Magma, Mathmech Nabla, Mathmech Sigma, Primathmech Laplacian, Aileron, Sky Striker Ace - Zeke, Sky Striker Ace - Shizuku, Sky Striker Mecha - Hornet Drones, Sky Striker Mecha - Widow Anchor",,
Crystal Septenary,2022-01-19,297176,5213.6140350877195,"Ultimate Crystal Rainbow Dragon Overdrive, Rainbow Overdragon, Rainbow Dark Dragon, Rainbow Dragon, Crystal Beast Rainbow Dragon, Golden Rule, Crystal Bond, Rainbow Neos, Advanced Crystal Beast Cobalt Eagle, Advanced Crystal Beast Sapphire Pegasus, Rainbow Bridge of the Heart, Advanced Dark, Ancient City - Rainbow Ruins, Crystal Abundance, Rainbow Bridge, Rare Value, Crystal Miracle, Rainbow Bridge of Salvation, Rainbow Life, Ultimate Crystal Magic",,
Artistic Angel,2022-01-19,302496,7562.4,"DoSolfachord Coolia, GranSolfachord Coolia, The Weather Painter Moonbow, The Weather Painter Rainbow, GranSolfachord Musecia, Solfachord Elegance, Maple Maiden, The Weather Painter Aurora, SolSolfachord Gracia, The Weather Painter Snow, Ret-time Reviver Emit-ter, DoSolfachord Cutia, Solfachord Symphony, The Weather Forecast, The Weather Snowy Canvas, The Weather Rainbowed Canvas",,
The Azure in the Ivory,2022-01-19,303489,6193.65306122449,"Blue-Eyes Spirit Dragon, Blue-Eyes Jet Dragon, Blue-Eyes Abyss Dragon, Blue-Eyes Alternative White Dragon, Blue-Eyes Chaos MAX Dragon, Bingo Machine, Go!!!, Neo Blue-Eyes Ultimate Dragon, Blue-Eyes Twin Burst Dragon, Deep-Eyes White Dragon, Azure-Eyes Silver Dragon, Blue-Eyes Tyrant Dragon, Dragon Spirit of White, Kaiser Glider - Golden Burst, Dictator of D., Sage with Eyes of Blue, The White Stone of Ancients, Greater Polymerization, Destined Rivals, True Light",,
Worthy Adversaries,2022-01-19,303511,7226.452380952381,"Laevatein, Generaider Boss of Shadows, Jormungandr, Generaider Boss of Eternity, Mardel, Generaider Boss of Light, Subterror Guru, Subterror Behemoth Fiendess, Subterror Behemoth Stalagmo, Harr, Generaider Boss of Storms, Hela, Generaider Boss of Doom, Subterror Behemoth Umastryx, Loptr, Shadow of the Generaider Bosses, Subterror Nemesis Warrior, The Hidden City, Generaider Boss Fight",,
Inevitability of Chaos,2022-01-19,307730,6033.921568627451,"Chaos Angel, Black Luster Soldier - Legendary Swordsman, Black Luster Soldier - Envoy of the Beginning, Black Luster Soldier - Sacred Soldier, Chaos Witch, Black Luster Soldier - Soldier of Chaos, Chaos Emperor, the Dragon of Armageddon, Chaos Archfiend, Chaos Nephthys, Black Luster Soldier - Super Soldier, The Chaos Creator, Charging Gaia the Fierce Knight, Chaos Mirage Dragon, Chaos Valkyria, Chaos Space, Gateway to Chaos, Chaos Phantasm, Super Soldier Shield",,
Echo Chamber Nation,2022-01-19,315731,7893.275,"Dogmatika Fleurdelis, the Knighted, Springans Ship - Exblowrer, Tri-Brigade Shuraig the Ominous Omen, Nadir Servant, Dogmatika Maximus, White Knight of Dogmatika, Dogmatika Ecclesia, the Virtuous, Springans Merrymaker, Tri-Brigade Bearbrumm the Rampant Rampager, Tri-Brigade Ferrijit the Barren Blossom, Springans Watch, Tri-Brigade Airborne Assault",,
Savage Crimson Dragon,2022-01-19,322440,6200.7692307692305,"Hot Red Dragon Archfiend King Calamity, Red Nova Dragon, Red Supernova Dragon, Tyrant Red Dragon Archfiend, Hot Red Dragon Archfiend Abyss, Scarred Dragon Archfiend, Vision Resonator, Crimson Gaia, Hot Red Dragon Archfiend Bane, Hot Red Dragon Archfiend, Red Dragon Archfiend, Scarlight Red Dragon Archfiend, Red Rising Dragon, Shining Star Dragon, Bone Archfiend, Red Sprinter, Soul Resonator, Resonator Call, Red Zone, Red Reign",,
Seekers of Witchcraft,2022-01-19,325168,7390.181818181818,"Invoked Elysium, Witchcrafter Vice-Madame, Zoroa, the Magistus Conflagrant Calamity, Witchcrafter Golem Aruru, Rilliona, the Wondrous Magistus Witch Wardrobe, Crowley, the First Propheseer, Witchcrafter Confusion Confession, Invoked Mechaba, Vahram, the Magistus Divinity Dragon, Witchcrafter Madame Verre, Witchcrafter Haine, Aleister the Invoker, Artemis, the Magistus Moon Maiden, Invocation, Witchcrafter Creation",,
Souls of Sublime Gods,2022-01-19,340189,7087.270833333333,"Tsumuha-Kutsunagi the Lord of Swords, Cyber Angel Vrash, Cyber Angel Dakini, Dual Avatar - Empowered Kon-Gyo, Dual Avatar - Empowered Mitsu-Jaku, Sakitama, Yata-Garasu, Amaterasu, Cyber Angel Izana, Shinobaron Peacock, Shinobaroness Peacock, Cyber Angel Benten, Shinobaron Shade Peacock, Shinobaroness Shade Peacock, Dual Avatar - Manifested A-Un, Amano-Iwato, Dual Avatar Invitation, Ritual Sanctuary, Stars Align across the Milky Way",,
Space-Time Transcendents,2022-01-19,350715,7462.021276595745,"PSY-Framelord Omega, Time Thief Redoer, S-Force Justify, S:P Little Knight, I:P Masquerena, I:P Masquerena, S-Force Dog Tag, Time Thief Temporwhal, Time Thief Double Barrel, Time Thief Perpetua, Time Thief Winder, EM:P Meowmine, PSY-Framegear Gamma, S-Force Rappa Chiyomaru, PSY-Framelord Lambda, S-Force Nightchaser, Time Thief Power Reserve, Vivid Tail, S-Force Chase",,
Electron Illusions,2022-01-19,351550,7479.787234042553,"EvilTwins Ki-sikil & Lil-la, Altergeist Multifaker, EvilTwin's Trouble Sunny, Altergeist Memorygant, EvilTwin Ki-sikil, EvilTwin Lil-la, I:P Masquerena, Secret Password, Altergeist Marionetter, EM:P Meowmine, Altergeist Silquitous, Altergeist Meluseek, Altergeist Hexstia, EvilTwin Ki-sikil, EvilTwin Lil-la, LiveTwin Home, LiveTwin Sunny's Snitch, Vivid Tail",,
Shot Through Fiction,2022-01-19,366104,7040.461538461538,"Borreload Furious Dragon, Borreload Savage Dragon, Borrelend Dragon, Borreload Dragon, Borrelsword Dragon, Borrelcode Dragon, Absorouter Dragon, Rokket Coder, Rokket Tracer, Silverrokket Dragon, Borrelguard Dragon, Quadborrel Dragon, Striker Dragon, Boot Sector Launch, Quick Launch, Magical Cylinders, Magic Cylinder, Mirror Force, Mirror Force Launcher",,
Alba Abyss,2022-11-29,324950,8123.75,"Alba-Lenatus the Abyss Dragon, Lubellion the Searing Dragon, Mirrorjade the Iceblade Dragon, Albion the Branded Dragon, Titaniklad the Ash Dragon, Tri-Brigade Mercourier, Branded Fusion, Branded Lost, Nadir Servant, Albaz the Ashen, The Golden Swordsoul, Incredible Ecclesia, the Virtuous, Dogmatika Ecclesia, the Virtuous, Fallen of Albaz, Springans Merrymaker, Branded in High Spirits, Branded in White, Branded Banishment",,
The Trap in the Wicked Castle,2023-07-13,253417,6335.425,"Lady Labrynth of the Silver Castle, Lovely Labrynth of the Silver Castle, Curse Necrofear, Dark Sanctuary, Dark Spirit's Mastery, Big Welcome Labrynth, Welcome Labrynth, Ariane the Labrynth Servant, Arianna the Labrynth Servant, Dark Spirit of Banishment, Dark Spirit of Malice, Absolute King Back Jack, Labrynth Labyrinth, Archfiend's Ghastly Glitch, Labrynth Barrage, Destiny Board",,
Guardian of the Sacred Summit,2023-07-27,272905,6822.625,"Swordsoul Sinister Sovereign - Qixing Longyuan, Swordsoul Supreme Sovereign - Chengying, Chaofeng, Phantom of the Yang Zing, Swordsoul Grandmaster - Chixiao, The Iris Swordsoul, Denglong, First of the Yang Zing, Swordsoul of Mo Ye, The Abyss Dragon Swordsoul, Baxia, Brightness of the Yang Zing, Yazi, Evil of the Yang Zing, The Golden Swordsoul, Incredible Ecclesia, the Virtuous, Jiaotu, Darkness of the Yang Zing, Swordsoul Emergence, Nine Pillars of Yang Zing, Waterfall of Dragon Souls",,
The Ultimate Traditional Art,2023-07-27,285758,6079.95744680851,"Psychic End Punisher, Ukiyoe-P.U.N.K. Amazing Dragon, Karakuri Super Shogun mdl 00N ""Bureibu"", Ukiyoe-P.U.N.K. Rising Carp, Thought Ruler Archfiend, Noh-P.U.N.K. Deer Note, P.U.N.K. JAM Dragon Drive, Noh-P.U.N.K. Foxy Tune, Noh-P.U.N.K. Ogre Dance, Karakuri Steel Shogun mdl 00X ""Bureido"", Karakuri Shogun mdl 00 ""Burei"", Karakuri Bonze mdl 9763 ""Kunamzan"", Noh-P.U.N.K. Ze Amin, Karakuri Komachi mdl 224 ""Ninishi"", Karakuri Merchant mdl 177 ""Inashichi"", Aussa the Earth Charmer, Immovable, P.U.N.K. JAM Extreme Session, Karakuri Cash Cache",,
Guided by Fate,2023-08-10,309877,7746.925,"Magikey Fiend - Transfurlmine, Magikey Dragon - Andrabime, Illegal Knight, Wandering Gryphon Rider, Water Enchantress of the Temple, Rite of Aramesir, Yakusa, Lord of the Eight Thunders, Magikey Mechmortar - Garesglasser, Magikey Spirit - Vepartu, Curse of Aramatir, Fateful Adventure, Supernatural Danger Zone, High Ritual Art, Advanced Ritual Art, Hidden Armory, Armory Call",,
Beastly Claws of Terror,2023-08-29,264031,5739.804347826087,"XX-Saber Gottoms, Visas Starfrost, Scareclaw Reichheart, M-X-Saber Invoker, Scareclaw Tri-Heart, Scareclaw Light-Heart, Primitive Planet Reichphobia, Gottoms' Emergency Call, Scareclaw Kashtira, XX-Saber Faultroll, XX-Saber Hyunlei, X-Saber Wayne, XX-Saber Darksoul, Scareclaw Straddle, Book of Eclipse, Book of Lunar Eclipse, Scareclaw Alternative",,
The Noble Knights of Crimson Flowers,2023-09-07,277455,6936.375,"Baronne de Fleur, Infernoble Knight Emperor Charles, Sauge de Fleur, Ecole de Zone, Tuning, Chevalier de Fleur, Sorciere de Fleur, Centaur Mina, Infernoble Knight Captain Oliver, Infernoble Knight Ogier, Horse of the Floral Knights, Necro Synchron, Infernoble Knight - Renaud, Fleuret de Fleur, Soul Binding Gate",,
Beetle Troops Roll Out,2023-09-19,250567,6264.175,"Ultra Beetrooper Absolute Hercules, Beetrooper Sting Lancer, Inzektor Exa-Beetle, Inzektor Dragonfly, Giant Beetrooper Invincible Atlas, Inzektor Giga-Mantis, Primitive Butterfly, Inzektor Hornet, Smoke Mosquito, Seraphim Papillion, Beetrooper Armor Horn, Inzektor Picofalena, Zektrike Kou-ou, Beetrooper Descent, Inzektor Sword - Zektkaliber",,
The Opening Act of an Apocalypse,2023-10-10,269506,6737.65,"The First Darklord, Granguignol the Dusk Dragon, Masquerade the Blazing Dragon, Despian Quaeritis, Darklord Superbia, Blazing Cartesia, the Virtuous, Darklord Morningstar, Darklord Ixchel, Dramaturge of Despia, Darklord Nasten, Darklord Amdusc, Aluber the Jester of Despia, Condemned Darklord, Banishment of the Darklords, Branded Banishment, Darklord Rebellion",,
Fires of Scorching Bonds,2023-10-30,296937,7423.425,"Libromancer Fireburst, Libromancer Doombroker, Libromancer Fire, Cyberse Gadget, Topologic Zeroboros, Topologic Trisbaena, Libromancer First Appearance, Libromancer Mystigirl, Libromancer Geek Boy, Draconnet, Topologic Bomber Dragon, Brute Enforcer, Link Disciple, Libromancer Origin Story, Pre-Preparation of Rites, Preparation of Rites, Libromancer Displaced, Libromancer Intervention",,
Treasures of the Cosmic Ocean,2023-10-30,327379,8184.475,"Ghoti of the Deep Beyond, Icejade Gymir Aegirine, Icejade Kosmochlor, White Aura Bihamut, Moray of Avarice, The Most Distant, Deepest Depths, Icejade Cenote Enion Cradle, Icejade Creation Kingfisher, Askaan, the Bicorned Ghoti, Guoglim, Spear of the Ghoti, White Aura Whale, Icejade Creation Aegirocassis, Arionpos, Serpent of the Ghoti, Icejade Aegirine, Paces, Light of the Ghoti, Icejade Manifestation, Icejade Curse, Icejade Cradle, Ghoti Chain, White Howling",,
Sisters of the Light,2023-11-09,269411,6735.275,"Exosisters Magnifica, Artifact Scythe, Exosister Martha, Exosister Mikailis, Exosister Pax, Artifact Sanctum, Artifact Durendal, Artifact Lancea, Artifact Moralltach, Exosister Gibrine, Exosister Sophia, Exosister Stella, Artifact Dagda, Artifact Ignition, Twin Twisters, Exosister Returnia, Exosister Vadis",,
The Ones Who Serve Ra,2023-11-27,238484,5962.1,"The Winged Dragon of Ra, The Winged Dragon of Ra - Immortal Phoenix, The Winged Dragon of Ra - Sphere Mode, Keldo the Sacred Protector, Gravekeeper's Trap, Egyptian God Slime, Lava Golem, Mudora the Sword Oracle, World Soul - Carbon, Gravekeeper's Inscription, Ancient Chant, Left Arm Offering, Millennium Revelation, Mound of the Bound Creator, Temple of the Kings, Apophis the Swamp Deity, Exchange of Despair and Hope, Dark Spell Regeneration, Exchange of the Spirit",,
Fighting Spirit of Sparking Iron,2023-11-27,328443,8211.075,"Therion Irregular, Gigantic Champion Sargas, Therion ""King"" Regulus, Albion the Branded Dragon, Springans Ship - Exblowrer, Endless Engine Argyro System, Therion Discolosseum, Therion ""Empress"" Alasia, Therion ""Lily"" Borea, Albaz the Ashen, Springans Merrymaker, Tally-ho! Springans, Therion Charge, Branded in High Spirits, Branded in White, Springans Watch, Therion Cross",,
Dragon Kings from the Abyss,2023-12-05,254474,6361.85,"Bystial Dis Pater, The Bystial Lubellion, Bystial Magnamhut, Hieratic Seal of the Heavenly Spheres, Hieratic Seal of Convocation, The Bystial Alba Los, Hieratic Sky Dragon Overlord of Heliopolis, Hieratic Sun Dragon Overlord of Heliopolis, Bystial Baldrake, Bystial Druiswurm, Bystial Saronir, Hieratic Dragon King of Atum, The Bystial Aluber, Branded Regained, Hieratic Seal of Creation, Branded Befallen",,
The Bizarre Playing Board,2023-12-05,303377,7584.425,"Arktos XII - Chronochasm Vaylantz, Mamonaka the Vaylantz United, Performapal Monkeyboard, Performapal Celestial Magician, Performapal Pendulum Sorcerer, Vaylantz World - Konig Wissen, Vaylantz World - Shinra Bansho, Vaylantz Genesis Grand Duke, Performapal BaroKuriboh, Performapal Duelist Extraordinaire, Performapal Gentrude, Performapal Skullcrobat Joker, Performapal Ladyange, Shinonome the Vaylantz Priestess, Performapal ClassiKuriboh, Performapal Odd-Eyes Valet, Vaylantz Wakening - Solo Activation, Performapal Dramatic Theater",,
Transcendentalism,2024-01-10,322323,8058.075,"Transcendosaurus Meteorus, Doodle Beast - Tyranno, Dinomorphia Rexterm, Dyna Tank, Dinomorphia Kentregina, Dinomorphia Therizia, Ground Xeno, Dinomorphia Domain, Storagepod, Xeno Meteorus, Dinomorphia Stealthbergia, Doodle Beast - Stego, Dyna Base, Transcendosaurus Exaraptor, Dinomorphia Intact, Doodlebook - Uh uh uh!, Dinomorphia Frenzy, Dinomorphia Reversion",,
Hope Sprouting in the Spring Breeze,2024-01-29,281873,7227.51282051282,"Vera the Vernusylph Goddess, Aussa the Earth Channeler, Vernusylph of the Flourishing Hills, G Golem Pebble Dog, G Golem Invalid Dolmen, Gravity Balance, Grandtusk Dragon, Beast King Barbaros, King Beast Barbaros, Vernusylph of the Awakening Forests, World Soul - Carbon, Vernusylph of the Misting Seedlings, G Golem Dignified Trilithon, Tri-Gate Wizard, G Golem Crystal Heart, Aussa the Earth Charmer, Immovable, Vernusylph Corolla, Vernusylph in Full Bloom",,
Burst of Zapping Energy!,2024-02-07,238833,5970.825,"Batteryman Solar, Gigantic Spright, Spright Blue, Spright Sprind, Spright Elf, Spright Starter, Batteryman Industrial Strength, Super-Electromagnetic Voltech Dragon, Batteryman 9-Volt, Onibimaru Soul Sweeper, Spright Jet, Ipiria, Sky Cavalry Centaurea, Some Summer Summoner, Universal Adapter",,
Songstress of Sorrow Song,2024-03-08,273807,6367.604651162791,"Tearlaments Kaleido-Heart, Tearlaments Rulkallos, Mermail Abyssgaios, Tearlaments Reinoheart, Tearlaments Scheiren, Mermail Abyssalacia, Primeval Planet Perlereino, Tearlaments Scream, Tearlaments Kashtira, Mermail Abyssleed, Mermail Abyssmegalo, Mermail Abyssteus, Tearlaments Kitkallos, Supreme Sea Mare, Mermail Abyssgunde, Tearlaments Perlegia",,
"Rescue Team, Emergency Dispatch!",2024-04-11,276270,6906.75,"Machina Ruinforce, Machina Citadel, Rescue-ACE Turbulence, Rescue-ACE Preventer, Machina Fortress, Rescue-ACE Hydrant, EMERGENCY!, Machina Metalcruncher, Machina Air Raider, Rescue-ACE Air Lifter, Rescue-ACE Monitor, Machina Unclaspare, Rescue-ACE Impulse, Machina Redeployment, Machine Duplication, Unauthorized Reactivation, Dimensional Prison",,
My Cute Lovely Friends,2024-04-11,309262,7731.55,"Expurrely Happiness, Expurrely Noir, Epurrely Noir, Joyous Melffys, Melffy of the Forest, My Friend Purrely, Purrely Sleepy Memory, Epurrely Beauty, Epurrely Happiness, Epurrely Plump, Melffy Wally, Hop Ear Squadron, Melffy Mommy, Kinka-byo, Melffy Staring Contest",,
A Dance Dedicated to the Heavens,2024-04-12,222046,5551.15,"Guardian Eatos, Ohime the Manifested Mikanko, Original Bamboo Sword, Mikanko Fire Dance, Mikanko Water Arabesque, Mikanko Spiritwalk, Arahime the Manifested Mikanko, Guardian Dreadscythe, Ha-Re the Sword Mikanko, Hu-Li the Jewel Mikanko, Ni-Ni the Mirror Mikanko, Mikanko Dance - Mayowashidori, Cursed Bamboo Sword, Golden Bamboo Sword, Hidden Armory, Power of the Guardians, Armory Call",,
Raging God of the Sea,2024-04-24,290775,7269.375,"Mega Fortress Whale, CXyz N.As.Ch. Knight, N.As.H. Knight, Ocean Dragon Lord - Kairyu-Shin, Worldsea Dragon Zealantis, Barian's Chaos Draw, Seventh Ascension, Navy Dragon Mech, Citadel Whale, Abyss Shark, Supreme Sea Mare, Doom Kraken, Yorishiro of the Aqua, Full Armored Black Ray Lancer, Number 71: Rebarian Shark, Yamatako Orochi, Fish Sonar, Fury of Kairyu-Shin",,
A Full Course of Magic,2024-05-09,296549,7603.820512820513,"Baelgrill de Nouvelles, Poissonniere de Nouvelles, Nouvelles Restaurant ""At Table"", Ready Fusion, Patissciel Couverture, Balameuniere de Nouvelles, Gunkan Suship Uni-class Super-Dreadnought, Sea Monster of Theseus, Gunkan Suship Shari Red, Gunkan Suship Shirauo-class Carrier, Gunkan Suship Catch-of-the-Day, Concours de Cuisine (Culinary Confrontation), Voici la Carte (Today's Menu), Painful Decision, Chef's Special Recipe, Fusion Duplication",,
VS NEW CHALLENGER!,2024-06-07,275725,7069.871794871795,"Gizmek Okami, the Dreaded Deluge Dragon, Gizmek Kaku, the Supreme Shining Sky Stag, Vanquish Soul Caesar Valius, Gizmek Orochi, the Serpentron Sky Slasher, Vanquish Soul Dr. Mad Love, Vanquish Soul Razen, Stake your Soul!, Vanquish Soul Heavy Borger, Gizmek Uka, the Festive Fox of Fecundity, Vanquish Soul Jiaolong, Skull Meister, Gren Maju Da Eiza, Swift Scarecrow, Rock of the Vanquisher, Vanquish Soul Dust Devil, Ledger of Legerdemain, Pinpoint Landing, Sacred Scrolls of the Gizmek Legend",,
A Warrior of Seething Anger,2024-07-11,275308,6882.7,"Gate Guardians Combined, Kashtira Arise-Heart, Kashtira Fenrir, Kashtira Unicorn, Kashtira Riseheart, Kashtiratheosis, Pressured Planet Wraitsoth, Trivikarma, Gate Guardian of Thunder and Wind, Gate Guardian of Water and Thunder, Gate Guardian of Wind and Water, Scareclaw Kashtira, Tearlaments Kashtira, Kashtira Shangri-Ira, Shadow Ghoul of the Labyrinth, Riryoku Guardian, Kashtira Birth, Kashtira Big Bang",,
Evoked Dragon of Miracles,2024-08-08,307636,6687.739130434783,"Cosmic Quasar Dragon, Crimson Dragon, Shooting Majestic Star Dragon, Stardust Dragon, Accel Synchro Stardust Dragon, Stardust Dragon, Junk Warrior, Junk Warrior, Revolution Synchron, Assault Synchron, Tuning, Tuning, Red Dragon Archfiend, Wheel Synchron, Stardust Synchron, Formula Synchron, Stardust Wurm, Duelist Genesis, Final Cross, On Your Mark, Get Set, DUEL!, Stardust Illumination, Synchro Overtake, Stardust Mirage",,
Adventure of Mystical Etchings,2024-09-12,310096,7752.4,"Laevatein, Generaider Boss of Shadows, Jormungandr, Generaider Boss of Eternity, Mardel, Generaider Boss of Light, Munin the Runick Wings, Hugin the Runick Wings, Runick Fountain, Runick Tip, Sleipnir the Runick Mane, Harr, Generaider Boss of Storms, Hela, Generaider Boss of Doom, Freki the Runick Fangs, Geri the Runick Fangs, Loptr, Shadow of the Generaider Bosses, Runick Destruction, Runick Flashing Fire, Runick Freezing Curses, Runick Golden Droplet, Generaider Boss Fight",,
New World Replete With Joy,2024-09-12,327882,8197.05,"Veda Kalarcanum, Mannadium Prime-Heart, Veda Kalanta, Visas Amritara, Vicious Astraloud, Visas Starfrost, Mannadium Riumheart, Peaceful Planet Calarium, Stardust Spark Dragon, Mannadium Trisukta, Golden Cloud Beast - Malong, Visas Samsara, Ages of Stars and Frost, Realm Elegy, Realm Eulogy, Mannadium Abscission, Valhalla, Hall of the Fallen, Mannadium Reframing",,
Outlaws from the Inferno,2024-10-10,637244,7496.988235294118,"Sangenpai Transcendent Dragion, Ritual Beast Ulti-Cannahawk, Tenpai Dragon Chundra, Goblin Biker Big Gabonga, Tenpai Dragon Genroku, Tenpai Dragon Paidra, Spiritual Beast Tamer Lara, Infernoid Flood, Ritual Beast Ulti-Reirautari, Flametongue the Blazing Magical Blade, Metaltronus, Sangen Kaimen, Void Reignition, Carnot the Eternal Machine, Infernoid Devyaty, Blaze, Supreme Ruler of all Dragons, Kuibelt the Blade Dragon, Ritual Beast Ulti-Nochiudrago, Sangenpai Bident Dragion, Dora Dora, Gen the Diamond Tiger, Goblin Biker Boom Mach, Goblin Biker Dugg Charger, Ken the Warrior Dragon, Tenpai Dragon Fadra, Ashura King, Danger!? Jackalope?, Danger!? Tsuchinoko?, Speedroid Terrortop, Infernoid Evil, Goblin Biker Grand Entrance, Sangen Summoning, Void Imagination, Goblin Biker Grand Pileup, Goblin Biker Grand Stampede",,
The Most Dangerous Race of the Cosmos!,2024-10-28,323146,7693.952380952381,"Gold Pride - Eradicator, F.A. Dawn Dragster, Gold Pride - Star Leon, Gold Pride - Leon, F.A. Shining Star GT, Gold Pride - Better Luck Next Time!, Chicken Game, Gold Pride - Pin Baller, F.A. Motorhome Transport, F.A. Dark Dragster, Gold Pride - Eliminator, Gold Pride - Captain Carrie, Gold Pride - Chariot Carrie, Psychic Wheeleder, F.A. Auto Navigator, Gold Pride - The Crowd Goes Wild!, U.A. Hyper Stadium, U.A. Locker Room",,
Tricky Reception,2024-10-28,624521,7434.773809523809,"DPH Gendamoore, Gold Pride - Eradicator, Doomking Balerdroch, Thunder Dragon Colossus, Disablaster the Negation Fortress, Krishnerd Witch, Ghostrick Angel of Mischief, Infernity Archfiend, Underworld Goddess of the Closed World, Summon Sorceress, Moon of the Closed Heaven, Chicken Game, Metaverse, Time Reloader, Dragonecro Nethersoul Dragon, Gold Pride - Eliminator, Thunder Dragondark, Hallo, the Spirit of Tricks, Ween, the Spirit of Treats, Ghost Wyvern, the Underworld Dragon, Mathmech Sigma, Cursed Fire King Doom Burst, Gold Pride - Captain Carrie, Infernity Necromancer, Ghost Charon, the Underworld Boatman, Ghostrick Lantern, Paralyzing Mushroom, Multi-Universe, Mutamorphosis, Sunset Beat, This Creepy Little Punk, Thunder Dragon Fusion, Terrors of the Afterroot, Ghostrick or Treat",,
Sugar-Suffused Reverie,2024-11-07,262944,6573.6,"Madolche Queen Tiarafraise, Madolche Puddingcess Chocolat-a-la-Mode, Madolche Queen Tiaramisu, Madolche Teacher Glassouffle, Dreaming Nemleria, Sweet Dreams, Nemleria, Dreaming Reality of Nemleria, Realized, Nemleria Dream Devourer - Reveil, Madolche Puddingcess, Madolche Anjelly, Madolche Magileine, Madolche Messengelato, Madolche Petingcessoeur, Number 41: Bagooska the Terribly Tired Tapir, Madolche Hootcake, Madolche Mini Meowcaroons, Dream Tower of Princess Nemleria, Nemleria Repeter",,
Illusion Beast's Roar,2024-11-07,276552,6913.8,"Guardian Chimera, Darkest Diabolos, Lord of the Lair, Nightmare Magician, Nightmare Apprentice, Chimera the King of Phantom Beasts, Big-Winged Berfomet, Mirror Swordknight, Lilith, Lady of Lament, Chimera the Illusion Beast, Berfomet the Mythical King of Phantom Beasts, Cornfield Coatl, Gazelle the King of Mythical Claws, Ahrima, the Wicked Warden, Master Tao the Chanter, Alice, Lady of Lament, Loris, Lady of Lament, Chimera Fusion, Lair of Darkness, Deck Devastation Virus, Eradicator Epidemic Virus, Full Force Virus, Grinning Grave Virus",,
Geas of the Light,2024-11-07,673797,7927.023529411765,"Vouiburial, the Dragon Undertaker, Flowering Etoile the Melodious Magnificat, Gandora-G the Dragon of Destruction, Snake-Eyes Diabellstar, Ultimate Flame Swordsman, Gandora-X the Dragon of Demolition, Bacha the Melodious Maestra, Nightmare Apprentice, Madolche Queen Tiarafraise, Refrain the Melodious Songstress, Heretical Phobos Covos, Shining Sarcophagus, Ostinato, Mirage Swordsman, Dark Magician the Magician of Black Magic, Couplet the Melodious Songstress, Fighting Flame Dragon, Fighting Flame Swordsman, Silent Magician Zero, Silent Swordsman Zero, Madolche Messengelato, Madolche Petingcessoeur, Salamandra, the Flying Flame Dragon, Courageous Crimson Chevalier Bradamante, Infernoble Knight - Renaud, Cosmic Tree Irmistil, Madolche Mini Meowcaroons, Bloom Harmonist the Melodious Composer, Ferocious Flame Swordsman, Fighting Flame Sword, Flame Swordsrealm, Turn Silence, ""Infernoble Arms - Almace"", 1st Movement Solo, Dark Magic Mirror Force",,
